[
{
    "model": "home.blogpagegalleryimage",
    "pk": 1,
    "fields": {
        "sort_order": 0,
        "page": 7,
        "image": 2,
        "caption": ""
    }
},
{
    "model": "home.blogpagegalleryimage",
    "pk": 2,
    "fields": {
        "sort_order": 0,
        "page": 12,
        "image": 3,
        "caption": ""
    }
},
{
    "model": "home.team",
    "pk": 2,
    "fields": {
        "name": "firstXI",
        "abr": "1st XI"
    }
},
{
    "model": "home.team",
    "pk": 3,
    "fields": {
        "name": "secondXI",
        "abr": "2nd XI"
    }
},
{
    "model": "home.role",
    "pk": 1,
    "fields": {
        "name": "Captain"
    }
},
{
    "model": "home.role",
    "pk": 2,
    "fields": {
        "name": "Board officer"
    }
},
{
    "model": "home.role",
    "pk": 3,
    "fields": {
        "name": "Player"
    }
},
{
    "model": "home.venue",
    "pk": 1,
    "fields": {
        "name": "Home"
    }
},
{
    "model": "home.venue",
    "pk": 2,
    "fields": {
        "name": "Away"
    }
},
{
    "model": "home.oppositionnames",
    "pk": 1,
    "fields": {
        "name": "Alison Wonderland"
    }
},
{
    "model": "home.oppositionnames",
    "pk": 2,
    "fields": {
        "name": "Jamie Oliver"
    }
},
{
    "model": "home.type",
    "pk": 1,
    "fields": {
        "name": "Bowler"
    }
},
{
    "model": "home.type",
    "pk": 2,
    "fields": {
        "name": "Batter"
    }
},
{
    "model": "home.type",
    "pk": 3,
    "fields": {
        "name": "Wicket Keeper"
    }
},
{
    "model": "home.type",
    "pk": 4,
    "fields": {
        "name": "Fielder"
    }
},
{
    "model": "home.member",
    "pk": 1,
    "fields": {
        "ards": true,
        "name": "Joel Ferguson",
        "dateOfBirth": "1998-03-25",
        "dateJoined": "2005-05-03",
        "mobile": "0775900764",
        "profile_pic": "images.jpg",
        "date_created": "2021-02-05T12:58:05.827Z",
        "role": [
            2
        ],
        "type": [
            1
        ],
        "teamsPlayedFor": [
            3,
            2
        ]
    }
},
{
    "model": "home.member",
    "pk": 2,
    "fields": {
        "ards": null,
        "name": "Gareth Rogers",
        "dateOfBirth": "1966-08-16",
        "dateJoined": "1995-05-03",
        "mobile": "07759007640",
        "profile_pic": "default profile pic1.png",
        "date_created": "2021-02-26T13:55:17.644Z",
        "role": [
            1
        ],
        "type": [
            1
        ],
        "teamsPlayedFor": [
            2
        ]
    }
},
{
    "model": "home.member",
    "pk": 3,
    "fields": {
        "ards": null,
        "name": "Adam Lawther",
        "dateOfBirth": "1998-03-25",
        "dateJoined": "2012-05-02",
        "mobile": "07759007640",
        "profile_pic": "default profile pic1.png",
        "date_created": "2021-02-26T18:09:26.360Z",
        "role": [
            1
        ],
        "type": [
            2
        ],
        "teamsPlayedFor": [
            3
        ]
    }
},
{
    "model": "home.member",
    "pk": 4,
    "fields": {
        "ards": null,
        "name": "Phil Ferguson",
        "dateOfBirth": "1998-03-25",
        "dateJoined": "1990-05-04",
        "mobile": "07759007454",
        "profile_pic": "default profile pic1.png",
        "date_created": "2021-02-26T18:10:07.970Z",
        "role": [
            1
        ],
        "type": [
            3
        ],
        "teamsPlayedFor": [
            2
        ]
    }
},
{
    "model": "home.member",
    "pk": 5,
    "fields": {
        "ards": null,
        "name": "Arafat Khan",
        "dateOfBirth": "1986-10-05",
        "dateJoined": "2005-05-03",
        "mobile": "07759007645",
        "profile_pic": "default profile pic1.png",
        "date_created": "2021-03-04T19:00:53.972Z",
        "role": [
            3
        ],
        "type": [
            1,
            2
        ],
        "teamsPlayedFor": [
            3,
            2
        ]
    }
},
{
    "model": "home.member",
    "pk": 6,
    "fields": {
        "ards": null,
        "name": "Conn Crawford",
        "dateOfBirth": "1997-03-21",
        "dateJoined": "2006-05-02",
        "mobile": "0775900764",
        "profile_pic": "default profile pic1.png",
        "date_created": "2021-03-04T19:01:18.054Z",
        "role": [
            1,
            3
        ],
        "type": [
            1,
            2
        ],
        "teamsPlayedFor": [
            3,
            2
        ]
    }
},
{
    "model": "home.member",
    "pk": 7,
    "fields": {
        "ards": null,
        "name": "Jonah Ditty",
        "dateOfBirth": "2002-11-27",
        "dateJoined": "2005-05-04",
        "mobile": "07759007454",
        "profile_pic": "default profile pic1.png",
        "date_created": "2021-03-04T19:01:40.403Z",
        "role": [
            3
        ],
        "type": [
            1
        ],
        "teamsPlayedFor": [
            3
        ]
    }
},
{
    "model": "home.member",
    "pk": 8,
    "fields": {
        "ards": null,
        "name": "Dominic Allen",
        "dateOfBirth": "2003-08-16",
        "dateJoined": "2016-05-03",
        "mobile": "07759007454",
        "profile_pic": "default profile pic1.png",
        "date_created": "2021-03-04T19:02:08.332Z",
        "role": [
            3
        ],
        "type": [
            1
        ],
        "teamsPlayedFor": [
            3
        ]
    }
},
{
    "model": "home.member",
    "pk": 9,
    "fields": {
        "ards": null,
        "name": "Rory McVeigh",
        "dateOfBirth": "2001-03-25",
        "dateJoined": "2012-05-02",
        "mobile": "0775900764",
        "profile_pic": "default profile pic1.png",
        "date_created": "2021-03-04T19:02:35.023Z",
        "role": [
            3
        ],
        "type": [
            1,
            3
        ],
        "teamsPlayedFor": [
            3
        ]
    }
},
{
    "model": "home.member",
    "pk": 10,
    "fields": {
        "ards": null,
        "name": "Noah Greenauld",
        "dateOfBirth": "2005-03-25",
        "dateJoined": "2016-05-04",
        "mobile": "07759007640",
        "profile_pic": "default profile pic1.png",
        "date_created": "2021-03-04T19:03:02.511Z",
        "role": [
            3
        ],
        "type": [
            2
        ],
        "teamsPlayedFor": [
            3
        ]
    }
},
{
    "model": "home.member",
    "pk": 11,
    "fields": {
        "ards": null,
        "name": "Jonathan Alexander",
        "dateOfBirth": "1985-08-16",
        "dateJoined": "1990-11-27",
        "mobile": "07759007644",
        "profile_pic": "default profile pic1.png",
        "date_created": "2021-03-04T19:03:46.580Z",
        "role": [
            3
        ],
        "type": [
            2
        ],
        "teamsPlayedFor": [
            3
        ]
    }
},
{
    "model": "home.member",
    "pk": 12,
    "fields": {
        "ards": null,
        "name": "Eddie Hawkins",
        "dateOfBirth": "2001-03-25",
        "dateJoined": "2014-11-27",
        "mobile": "07759007645",
        "profile_pic": "default profile pic1.png",
        "date_created": "2021-03-04T19:04:43.541Z",
        "role": [
            3
        ],
        "type": [
            1,
            2
        ],
        "teamsPlayedFor": [
            3
        ]
    }
},
{
    "model": "home.cup",
    "pk": 1,
    "fields": {
        "name": "Batting"
    }
},
{
    "model": "home.award",
    "pk": 1,
    "fields": {
        "type": 1,
        "year": 2019,
        "member": 1,
        "team": 3
    }
},
{
    "model": "home.matchformat",
    "pk": 1,
    "fields": {
        "name": "T20"
    }
},
{
    "model": "home.matchformat",
    "pk": 2,
    "fields": {
        "name": "35 Overs"
    }
},
{
    "model": "home.cointoss",
    "pk": 1,
    "fields": {
        "decision": "Won the toss and chose to Bat first"
    }
},
{
    "model": "home.cointoss",
    "pk": 2,
    "fields": {
        "decision": "Won the toss and chose to Bowl first"
    }
},
{
    "model": "home.cointoss",
    "pk": 3,
    "fields": {
        "decision": "Lost the toss and had to Bat first"
    }
},
{
    "model": "home.cointoss",
    "pk": 4,
    "fields": {
        "decision": "Lost the toss and had to Bowl first"
    }
},
{
    "model": "home.wicket",
    "pk": 1,
    "fields": {
        "name": "Bowled"
    }
},
{
    "model": "home.wicket",
    "pk": 2,
    "fields": {
        "name": "Not Out"
    }
},
{
    "model": "home.wicket",
    "pk": 3,
    "fields": {
        "name": "Did not bat"
    }
},
{
    "model": "home.wicket",
    "pk": 4,
    "fields": {
        "name": "Stumped"
    }
},
{
    "model": "home.wicket",
    "pk": 5,
    "fields": {
        "name": "Caught"
    }
},
{
    "model": "home.wicket",
    "pk": 6,
    "fields": {
        "name": "Hit Wicket"
    }
},
{
    "model": "home.club",
    "pk": 2,
    "fields": {
        "name": "Ards",
        "badge": "ards_cc.png",
        "home_venue": "Londonderry Park, Newtownards"
    }
},
{
    "model": "home.club",
    "pk": 3,
    "fields": {
        "name": "Bangor",
        "badge": "bangor-cricket-club-logo_YOPhuMI.png",
        "home_venue": "Upritchard Park, Bangor, BT19 7PN"
    }
},
{
    "model": "home.club",
    "pk": 4,
    "fields": {
        "name": "Donaghadee",
        "badge": "Donaghadee_CC_unfilled.png",
        "home_venue": "Northfield Rd, Donaghadee BT21 0BU"
    }
},
{
    "model": "home.club",
    "pk": 5,
    "fields": {
        "name": "Donaghcloney",
        "badge": "Donaghacloney_cc.jpg",
        "home_venue": "Ewart Liddell, Donaghcloney, BT66 7LU"
    }
},
{
    "model": "home.club",
    "pk": 6,
    "fields": {
        "name": "Dundrum",
        "badge": "default_logo_g7BzLur.png",
        "home_venue": "19 Old Road, Dundrum, Newcastle BT33 0NH"
    }
},
{
    "model": "home.match",
    "pk": 1,
    "fields": {
        "team": 2,
        "match_format": 2,
        "opponent": 3,
        "date": "2020-11-30",
        "time": null,
        "venue": 1,
        "decision": 1,
        "ards_overs_batted": "35.0",
        "ards_runs": 120,
        "ards_wickets": 8,
        "opponent_overs_batted": "21.0",
        "opponent_runs": 111,
        "opponent_wickets": 10,
        "report": ""
    }
},
{
    "model": "home.match",
    "pk": 2,
    "fields": {
        "team": 3,
        "match_format": 1,
        "opponent": 4,
        "date": "2018-10-18",
        "time": null,
        "venue": 2,
        "decision": 2,
        "ards_overs_batted": "20.0",
        "ards_runs": 120,
        "ards_wickets": 3,
        "opponent_overs_batted": "19.1",
        "opponent_runs": 121,
        "opponent_wickets": 6,
        "report": "This is a small report<br/> This is a medium report"
    }
},
{
    "model": "home.match",
    "pk": 3,
    "fields": {
        "team": 3,
        "match_format": 2,
        "opponent": 6,
        "date": "2019-10-18",
        "time": null,
        "venue": 2,
        "decision": 4,
        "ards_overs_batted": "34.0",
        "ards_runs": 200,
        "ards_wickets": 4,
        "opponent_overs_batted": "35.0",
        "opponent_runs": 198,
        "opponent_wickets": 9,
        "report": "There is not much to report"
    }
},
{
    "model": "home.match",
    "pk": 4,
    "fields": {
        "team": 2,
        "match_format": 1,
        "opponent": 6,
        "date": "2019-10-18",
        "time": null,
        "venue": 1,
        "decision": 3,
        "ards_overs_batted": "20.0",
        "ards_runs": 140,
        "ards_wickets": 2,
        "opponent_overs_batted": "18.0",
        "opponent_runs": 98,
        "opponent_wickets": 10,
        "report": "There is not much to report"
    }
},
{
    "model": "home.match",
    "pk": 5,
    "fields": {
        "team": 3,
        "match_format": 1,
        "opponent": 3,
        "date": "2016-03-29",
        "time": null,
        "venue": 1,
        "decision": 3,
        "ards_overs_batted": "20.0",
        "ards_runs": 110,
        "ards_wickets": 0,
        "opponent_overs_batted": "18.0",
        "opponent_runs": 100,
        "opponent_wickets": 10,
        "report": "None"
    }
},
{
    "model": "home.match",
    "pk": 6,
    "fields": {
        "team": 2,
        "match_format": 2,
        "opponent": 5,
        "date": "2020-11-30",
        "time": null,
        "venue": 1,
        "decision": 3,
        "ards_overs_batted": "16.0",
        "ards_runs": 200,
        "ards_wickets": 10,
        "opponent_overs_batted": "35.0",
        "opponent_runs": 15,
        "opponent_wickets": 10,
        "report": "Wee bit"
    }
},
{
    "model": "home.match",
    "pk": 7,
    "fields": {
        "team": 3,
        "match_format": 1,
        "opponent": 3,
        "date": "2018-11-30",
        "time": null,
        "venue": 1,
        "decision": 3,
        "ards_overs_batted": "20.0",
        "ards_runs": 140,
        "ards_wickets": 1,
        "opponent_overs_batted": "20.0",
        "opponent_runs": 100,
        "opponent_wickets": 2,
        "report": "Hints"
    }
},
{
    "model": "home.match",
    "pk": 8,
    "fields": {
        "team": 3,
        "match_format": 1,
        "opponent": 3,
        "date": "2019-11-30",
        "time": null,
        "venue": 2,
        "decision": 2,
        "ards_overs_batted": "15.0",
        "ards_runs": 111,
        "ards_wickets": 3,
        "opponent_overs_batted": "19.0",
        "opponent_runs": 109,
        "opponent_wickets": 10,
        "report": "More to win"
    }
},
{
    "model": "home.match",
    "pk": 10,
    "fields": {
        "team": 3,
        "match_format": 1,
        "opponent": 3,
        "date": "2021-07-13",
        "time": "13:00:00",
        "venue": 2,
        "decision": null,
        "ards_overs_batted": "0.0",
        "ards_runs": 0,
        "ards_wickets": 0,
        "opponent_overs_batted": "0.0",
        "opponent_runs": 0,
        "opponent_wickets": 0,
        "report": ""
    }
},
{
    "model": "home.match",
    "pk": 11,
    "fields": {
        "team": 2,
        "match_format": 2,
        "opponent": 4,
        "date": "2021-06-09",
        "time": "13:30:00",
        "venue": 2,
        "decision": null,
        "ards_overs_batted": "0.0",
        "ards_runs": 0,
        "ards_wickets": 0,
        "opponent_overs_batted": "0.0",
        "opponent_runs": 0,
        "opponent_wickets": 0,
        "report": "This will be a great match that will have entertainment for all"
    }
},
{
    "model": "home.match",
    "pk": 12,
    "fields": {
        "team": 2,
        "match_format": 2,
        "opponent": 6,
        "date": "2021-08-04",
        "time": "13:00:00",
        "venue": 1,
        "decision": null,
        "ards_overs_batted": "0.0",
        "ards_runs": 0,
        "ards_wickets": 0,
        "opponent_overs_batted": "0.0",
        "opponent_runs": 0,
        "opponent_wickets": 0,
        "report": "Cracker matchup between two great sides"
    }
},
{
    "model": "home.extras",
    "pk": 1,
    "fields": {
        "ards": false,
        "wides": 10,
        "no_balls": 0,
        "byes": 4,
        "leg_byes": 0,
        "match": 2
    }
},
{
    "model": "home.extras",
    "pk": 2,
    "fields": {
        "ards": true,
        "wides": 5,
        "no_balls": 0,
        "byes": 0,
        "leg_byes": 0,
        "match": 2
    }
},
{
    "model": "home.batting",
    "pk": 2,
    "fields": {
        "member": 1,
        "batter_number": 2,
        "fours": 2,
        "sixes": 1,
        "runs": 20,
        "mode_of_dismissal": 1,
        "out_by": null,
        "match": 1
    }
},
{
    "model": "home.batting",
    "pk": 3,
    "fields": {
        "member": 2,
        "batter_number": 1,
        "fours": 3,
        "sixes": 0,
        "runs": 23,
        "mode_of_dismissal": 2,
        "out_by": null,
        "match": 1
    }
},
{
    "model": "home.batting",
    "pk": 4,
    "fields": {
        "member": 3,
        "batter_number": 1,
        "fours": 5,
        "sixes": 0,
        "runs": 25,
        "mode_of_dismissal": 1,
        "out_by": 2,
        "match": 2
    }
},
{
    "model": "home.batting",
    "pk": 5,
    "fields": {
        "member": 4,
        "batter_number": 3,
        "fours": 4,
        "sixes": 2,
        "runs": 33,
        "mode_of_dismissal": 4,
        "out_by": 2,
        "match": 2
    }
},
{
    "model": "home.batting",
    "pk": 6,
    "fields": {
        "member": 1,
        "batter_number": 2,
        "fours": 3,
        "sixes": 5,
        "runs": 65,
        "mode_of_dismissal": 2,
        "out_by": null,
        "match": 2
    }
},
{
    "model": "home.batting",
    "pk": 7,
    "fields": {
        "member": 2,
        "batter_number": 4,
        "fours": 1,
        "sixes": 0,
        "runs": 5,
        "mode_of_dismissal": 1,
        "out_by": 2,
        "match": 2
    }
},
{
    "model": "home.batting",
    "pk": 8,
    "fields": {
        "member": 5,
        "batter_number": 5,
        "fours": 4,
        "sixes": 0,
        "runs": 17,
        "mode_of_dismissal": 1,
        "out_by": 1,
        "match": 2
    }
},
{
    "model": "home.batting",
    "pk": 9,
    "fields": {
        "member": 6,
        "batter_number": 6,
        "fours": 1,
        "sixes": 0,
        "runs": 12,
        "mode_of_dismissal": 1,
        "out_by": 1,
        "match": 2
    }
},
{
    "model": "home.batting",
    "pk": 10,
    "fields": {
        "member": 7,
        "batter_number": 7,
        "fours": 1,
        "sixes": 0,
        "runs": 8,
        "mode_of_dismissal": 5,
        "out_by": 1,
        "match": 2
    }
},
{
    "model": "home.batting",
    "pk": 11,
    "fields": {
        "member": 8,
        "batter_number": 8,
        "fours": 0,
        "sixes": 0,
        "runs": 0,
        "mode_of_dismissal": 6,
        "out_by": 1,
        "match": 2
    }
},
{
    "model": "home.batting",
    "pk": 12,
    "fields": {
        "member": 9,
        "batter_number": 9,
        "fours": 0,
        "sixes": 0,
        "runs": 10,
        "mode_of_dismissal": 1,
        "out_by": 1,
        "match": 2
    }
},
{
    "model": "home.batting",
    "pk": 13,
    "fields": {
        "member": 10,
        "batter_number": 10,
        "fours": 0,
        "sixes": 0,
        "runs": 15,
        "mode_of_dismissal": 2,
        "out_by": null,
        "match": 2
    }
},
{
    "model": "home.batting",
    "pk": 14,
    "fields": {
        "member": 11,
        "batter_number": 11,
        "fours": 0,
        "sixes": 0,
        "runs": 0,
        "mode_of_dismissal": 3,
        "out_by": null,
        "match": 2
    }
},
{
    "model": "home.batting",
    "pk": 16,
    "fields": {
        "member": 1,
        "batter_number": 1,
        "fours": 0,
        "sixes": 0,
        "runs": 10,
        "mode_of_dismissal": 1,
        "out_by": 1,
        "match": 5
    }
},
{
    "model": "home.batting",
    "pk": 17,
    "fields": {
        "member": 5,
        "batter_number": 2,
        "fours": 0,
        "sixes": 0,
        "runs": 45,
        "mode_of_dismissal": 1,
        "out_by": 1,
        "match": 8
    }
},
{
    "model": "home.bowling",
    "pk": 1,
    "fields": {
        "ards": true,
        "member": 1,
        "bowler_number": 1,
        "overs": 1,
        "runs": 2,
        "maidens": null,
        "wickets": 2,
        "wides": 1,
        "no_balls": null,
        "match": 1
    }
},
{
    "model": "home.bowling",
    "pk": 2,
    "fields": {
        "ards": true,
        "member": 2,
        "bowler_number": 1,
        "overs": 3,
        "runs": 5,
        "maidens": 0,
        "wickets": 3,
        "wides": 1,
        "no_balls": 0,
        "match": 2
    }
},
{
    "model": "home.bowling",
    "pk": 3,
    "fields": {
        "ards": true,
        "member": 1,
        "bowler_number": 2,
        "overs": 4,
        "runs": 4,
        "maidens": 0,
        "wickets": 2,
        "wides": 0,
        "no_balls": 0,
        "match": 2
    }
},
{
    "model": "home.bowling",
    "pk": 4,
    "fields": {
        "ards": true,
        "member": 6,
        "bowler_number": 3,
        "overs": 3,
        "runs": 6,
        "maidens": 0,
        "wickets": 1,
        "wides": 0,
        "no_balls": 0,
        "match": 2
    }
},
{
    "model": "home.bowling",
    "pk": 5,
    "fields": {
        "ards": true,
        "member": 5,
        "bowler_number": 4,
        "overs": 5,
        "runs": 18,
        "maidens": 1,
        "wickets": 3,
        "wides": 0,
        "no_balls": 0,
        "match": 2
    }
},
{
    "model": "home.bowling",
    "pk": 6,
    "fields": {
        "ards": true,
        "member": 5,
        "bowler_number": 2,
        "overs": 4,
        "runs": 15,
        "maidens": 1,
        "wickets": 3,
        "wides": 1,
        "no_balls": 0,
        "match": 4
    }
},
{
    "model": "home.bowling",
    "pk": 7,
    "fields": {
        "ards": true,
        "member": 1,
        "bowler_number": 3,
        "overs": 3,
        "runs": 20,
        "maidens": 0,
        "wickets": 2,
        "wides": 0,
        "no_balls": 0,
        "match": 7
    }
},
{
    "model": "home.battingopponents",
    "pk": 1,
    "fields": {
        "batter_name": 2,
        "batter_number": 1,
        "runs": 10,
        "mode_of_dismissal": 1,
        "out_by": 1,
        "match": 2
    }
},
{
    "model": "home.battingopponents",
    "pk": 2,
    "fields": {
        "batter_name": 1,
        "batter_number": 2,
        "runs": 19,
        "mode_of_dismissal": 5,
        "out_by": 5,
        "match": 2
    }
},
{
    "model": "home.bowlingopponents",
    "pk": 1,
    "fields": {
        "bowler_name": 1,
        "bowler_number": 1,
        "overs": 5,
        "runs": 30,
        "wickets": 6,
        "wides": 10,
        "no_balls": 0,
        "match": 2
    }
},
{
    "model": "home.bowlingopponents",
    "pk": 2,
    "fields": {
        "bowler_name": 2,
        "bowler_number": 2,
        "overs": 3,
        "runs": 15,
        "wickets": 2,
        "wides": 0,
        "no_balls": 0,
        "match": 2
    }
},
{
    "model": "wagtailembeds.embed",
    "pk": 1,
    "fields": {
        "url": "https://www.youtube.com/watch?v=jUMFE03r5Jw&t=4s",
        "max_width": null,
        "type": "video",
        "html": "<iframe width=\"200\" height=\"113\" src=\"https://www.youtube.com/embed/jUMFE03r5Jw?start=4&feature=oembed\" frameborder=\"0\" allow=\"accelerometer; autoplay; clipboard-write; encrypted-media; gyroscope; picture-in-picture\" allowfullscreen></iframe>",
        "title": "User Input using GetKeyword Part 2 (s8-7)",
        "author_name": "Arnold Higuit",
        "provider_name": "YouTube",
        "thumbnail_url": "https://i.ytimg.com/vi/jUMFE03r5Jw/hqdefault.jpg",
        "width": 200,
        "height": 113,
        "last_updated": "2021-02-09T09:20:41.006Z"
    }
},
{
    "model": "wagtailembeds.embed",
    "pk": 2,
    "fields": {
        "url": "https://youtu.be/jxUeJsR_XSs",
        "max_width": null,
        "type": "video",
        "html": "<iframe width=\"200\" height=\"150\" src=\"https://www.youtube.com/embed/jxUeJsR_XSs?feature=oembed\" frameborder=\"0\" allow=\"accelerometer; autoplay; clipboard-write; encrypted-media; gyroscope; picture-in-picture\" allowfullscreen></iframe>",
        "title": "Installing Django Debug Toolbar with Wagtail CMS",
        "author_name": "Coding For Everybody",
        "provider_name": "YouTube",
        "thumbnail_url": "https://i.ytimg.com/vi/jxUeJsR_XSs/hqdefault.jpg",
        "width": 200,
        "height": 150,
        "last_updated": "2021-02-10T15:54:50.518Z"
    }
},
{
    "model": "wagtailimages.rendition",
    "pk": 9,
    "fields": {
        "filter_spec": "max-165x165",
        "file": "images/Azure_DevOps.max-165x165.png",
        "width": 165,
        "height": 165,
        "focal_point_key": "",
        "image": 1
    }
},
{
    "model": "wagtailimages.rendition",
    "pk": 10,
    "fields": {
        "filter_spec": "fill-900x400",
        "file": "images/Azure_DevOps.2e16d0ba.fill-900x400.png",
        "width": 900,
        "height": 400,
        "focal_point_key": "2e16d0ba",
        "image": 1
    }
},
{
    "model": "wagtailimages.rendition",
    "pk": 11,
    "fields": {
        "filter_spec": "max-165x165",
        "file": "images/main_image_new_start.max-165x165.jpg",
        "width": 165,
        "height": 86,
        "focal_point_key": "",
        "image": 2
    }
},
{
    "model": "wagtailimages.rendition",
    "pk": 12,
    "fields": {
        "filter_spec": "original",
        "file": "images/main_image_new_start.original.jpg",
        "width": 696,
        "height": 364,
        "focal_point_key": "",
        "image": 2
    }
},
{
    "model": "wagtailimages.rendition",
    "pk": 13,
    "fields": {
        "filter_spec": "max-800x600",
        "file": "images/main_image_new_start.max-800x600.jpg",
        "width": 696,
        "height": 364,
        "focal_point_key": "",
        "image": 2
    }
},
{
    "model": "wagtailimages.rendition",
    "pk": 14,
    "fields": {
        "filter_spec": "fill-400x400-c100",
        "file": "images/main_image_new_start.2e16d0ba.fill-400x400-c100.jpg",
        "width": 364,
        "height": 364,
        "focal_point_key": "2e16d0ba",
        "image": 2
    }
},
{
    "model": "wagtailimages.rendition",
    "pk": 15,
    "fields": {
        "filter_spec": "fill-50x50-c100",
        "file": "images/main_image_new_start.2e16d0ba.fill-50x50-c100.jpg",
        "width": 50,
        "height": 50,
        "focal_point_key": "2e16d0ba",
        "image": 2
    }
},
{
    "model": "wagtailimages.rendition",
    "pk": 16,
    "fields": {
        "filter_spec": "fill-650x650",
        "file": "images/main_image_new_start.2e16d0ba.fill-650x650.jpg",
        "width": 364,
        "height": 364,
        "focal_point_key": "2e16d0ba",
        "image": 2
    }
},
{
    "model": "wagtailimages.rendition",
    "pk": 17,
    "fields": {
        "filter_spec": "max-165x165",
        "file": "images/midweek_cupwinners.max-165x165.jpg",
        "width": 165,
        "height": 113,
        "focal_point_key": "",
        "image": 3
    }
},
{
    "model": "wagtailimages.rendition",
    "pk": 21,
    "fields": {
        "filter_spec": "max-165x165",
        "file": "images/default_logo_BcuvoaZ.max-165x165.png",
        "width": 165,
        "height": 165,
        "focal_point_key": "",
        "image": 4
    }
},
{
    "model": "wagtailimages.rendition",
    "pk": 22,
    "fields": {
        "filter_spec": "fill-400x400-c100",
        "file": "images/midweek_cupwinners.2e16d0ba.fill-400x400-c100.jpg",
        "width": 276,
        "height": 275,
        "focal_point_key": "2e16d0ba",
        "image": 3
    }
},
{
    "model": "wagtailimages.rendition",
    "pk": 23,
    "fields": {
        "filter_spec": "fill-50x50-c100",
        "file": "images/midweek_cupwinners.2e16d0ba.fill-50x50-c100.jpg",
        "width": 50,
        "height": 50,
        "focal_point_key": "2e16d0ba",
        "image": 3
    }
},
{
    "model": "wagtailimages.rendition",
    "pk": 24,
    "fields": {
        "filter_spec": "fill-650x650",
        "file": "images/midweek_cupwinners.2e16d0ba.fill-650x650.jpg",
        "width": 276,
        "height": 275,
        "focal_point_key": "2e16d0ba",
        "image": 3
    }
},
{
    "model": "wagtailimages.rendition",
    "pk": 25,
    "fields": {
        "filter_spec": "fill-900x400",
        "file": "images/default_logo_BcuvoaZ.2e16d0ba.fill-900x400.png",
        "width": 300,
        "height": 134,
        "focal_point_key": "2e16d0ba",
        "image": 4
    }
},
{
    "model": "wagtailsearch.query",
    "pk": 1,
    "fields": {
        "query_string": "home"
    }
},
{
    "model": "wagtailsearch.query",
    "pk": 2,
    "fields": {
        "query_string": "scorecard"
    }
},
{
    "model": "wagtailsearch.query",
    "pk": 3,
    "fields": {
        "query_string": "2020"
    }
},
{
    "model": "wagtailsearch.query",
    "pk": 4,
    "fields": {
        "query_string": "player list"
    }
},
{
    "model": "wagtailsearch.query",
    "pk": 5,
    "fields": {
        "query_string": "news"
    }
},
{
    "model": "wagtailsearch.query",
    "pk": 6,
    "fields": {
        "query_string": "overview"
    }
},
{
    "model": "wagtailsearch.query",
    "pk": 7,
    "fields": {
        "query_string": "club"
    }
},
{
    "model": "wagtailsearch.query",
    "pk": 8,
    "fields": {
        "query_string": "coverview"
    }
},
{
    "model": "wagtailsearch.query",
    "pk": 9,
    "fields": {
        "query_string": "fixtures"
    }
},
{
    "model": "wagtailsearch.query",
    "pk": 10,
    "fields": {
        "query_string": "fixture"
    }
},
{
    "model": "wagtailsearch.querydailyhits",
    "pk": 1,
    "fields": {
        "query": 1,
        "date": "2021-01-28",
        "hits": 2
    }
},
{
    "model": "wagtailsearch.querydailyhits",
    "pk": 2,
    "fields": {
        "query": 2,
        "date": "2021-02-26",
        "hits": 1
    }
},
{
    "model": "wagtailsearch.querydailyhits",
    "pk": 3,
    "fields": {
        "query": 3,
        "date": "2021-03-29",
        "hits": 1
    }
},
{
    "model": "wagtailsearch.querydailyhits",
    "pk": 4,
    "fields": {
        "query": 4,
        "date": "2021-03-29",
        "hits": 2
    }
},
{
    "model": "wagtailsearch.querydailyhits",
    "pk": 5,
    "fields": {
        "query": 5,
        "date": "2021-03-29",
        "hits": 1
    }
},
{
    "model": "wagtailsearch.querydailyhits",
    "pk": 6,
    "fields": {
        "query": 6,
        "date": "2021-03-29",
        "hits": 2
    }
},
{
    "model": "wagtailsearch.querydailyhits",
    "pk": 7,
    "fields": {
        "query": 7,
        "date": "2021-03-29",
        "hits": 2
    }
},
{
    "model": "wagtailsearch.querydailyhits",
    "pk": 8,
    "fields": {
        "query": 8,
        "date": "2021-03-29",
        "hits": 1
    }
},
{
    "model": "wagtailsearch.querydailyhits",
    "pk": 9,
    "fields": {
        "query": 9,
        "date": "2021-04-01",
        "hits": 1
    }
},
{
    "model": "wagtailsearch.querydailyhits",
    "pk": 10,
    "fields": {
        "query": 10,
        "date": "2021-04-01",
        "hits": 2
    }
},
{
    "model": "wagtailsearch.querydailyhits",
    "pk": 11,
    "fields": {
        "query": 1,
        "date": "2021-04-01",
        "hits": 1
    }
},
{
    "model": "wagtailsearch.querydailyhits",
    "pk": 12,
    "fields": {
        "query": 2,
        "date": "2021-04-01",
        "hits": 1
    }
},
{
    "model": "wagtailcore.site",
    "fields": {
        "hostname": "localhost",
        "port": 80,
        "site_name": "",
        "root_page": 3,
        "is_default_site": true
    }
},
{
    "model": "wagtailcore.locale",
    "pk": 1,
    "fields": {
        "language_code": "en"
    }
},
{
    "model": "wagtailcore.collection",
    "pk": 1,
    "fields": {
        "path": "0001",
        "depth": 1,
        "numchild": 5,
        "name": "Root"
    }
},
{
    "model": "wagtailcore.collection",
    "pk": 2,
    "fields": {
        "path": "00010005",
        "depth": 2,
        "numchild": 0,
        "name": "Players"
    }
},
{
    "model": "wagtailcore.collection",
    "pk": 3,
    "fields": {
        "path": "00010004",
        "depth": 2,
        "numchild": 0,
        "name": "Matches"
    }
},
{
    "model": "wagtailcore.collection",
    "pk": 4,
    "fields": {
        "path": "00010003",
        "depth": 2,
        "numchild": 0,
        "name": "Fixtures"
    }
},
{
    "model": "wagtailcore.collection",
    "pk": 6,
    "fields": {
        "path": "00010002",
        "depth": 2,
        "numchild": 0,
        "name": "blog"
    }
},
{
    "model": "wagtailcore.collection",
    "pk": 7,
    "fields": {
        "path": "00010006",
        "depth": 2,
        "numchild": 0,
        "name": "Teams"
    }
},
{
    "model": "wagtailcore.workflowpage",
    "pk": 1,
    "fields": {
        "workflow": 1
    }
},
{
    "model": "wagtailcore.workflowtask",
    "pk": 1,
    "fields": {
        "sort_order": 0,
        "workflow": 1,
        "task": 1
    }
},
{
    "model": "wagtailcore.task",
    "pk": 1,
    "fields": {
        "name": "Moderators approval",
        "content_type": [
            "wagtailcore",
            "groupapprovaltask"
        ],
        "active": true
    }
},
{
    "model": "wagtailcore.workflow",
    "pk": 1,
    "fields": {
        "name": "Moderators approval",
        "active": true
    }
},
{
    "model": "auth.group",
    "fields": {
        "name": "Moderators",
        "permissions": [
            [
                "access_admin",
                "wagtailadmin",
                "admin"
            ],
            [
                "add_document",
                "wagtaildocs",
                "document"
            ],
            [
                "change_document",
                "wagtaildocs",
                "document"
            ],
            [
                "delete_document",
                "wagtaildocs",
                "document"
            ],
            [
                "add_image",
                "wagtailimages",
                "image"
            ],
            [
                "change_image",
                "wagtailimages",
                "image"
            ],
            [
                "delete_image",
                "wagtailimages",
                "image"
            ]
        ]
    }
},
{
    "model": "auth.group",
    "fields": {
        "name": "Editors",
        "permissions": [
            [
                "access_admin",
                "wagtailadmin",
                "admin"
            ],
            [
                "add_document",
                "wagtaildocs",
                "document"
            ],
            [
                "change_document",
                "wagtaildocs",
                "document"
            ],
            [
                "delete_document",
                "wagtaildocs",
                "document"
            ],
            [
                "add_image",
                "wagtailimages",
                "image"
            ],
            [
                "change_image",
                "wagtailimages",
                "image"
            ],
            [
                "delete_image",
                "wagtailimages",
                "image"
            ]
        ]
    }
},
{
    "model": "auth.group",
    "fields": {
        "name": "Captain",
        "permissions": [
            [
                "add_group",
                "auth",
                "group"
            ],
            [
                "change_group",
                "auth",
                "group"
            ],
            [
                "delete_group",
                "auth",
                "group"
            ],
            [
                "add_user",
                "auth",
                "user"
            ],
            [
                "change_user",
                "auth",
                "user"
            ],
            [
                "delete_user",
                "auth",
                "user"
            ],
            [
                "access_admin",
                "wagtailadmin",
                "admin"
            ],
            [
                "add_collection",
                "wagtailcore",
                "collection"
            ],
            [
                "change_collection",
                "wagtailcore",
                "collection"
            ],
            [
                "delete_collection",
                "wagtailcore",
                "collection"
            ],
            [
                "add_site",
                "wagtailcore",
                "site"
            ],
            [
                "change_site",
                "wagtailcore",
                "site"
            ],
            [
                "delete_site",
                "wagtailcore",
                "site"
            ],
            [
                "add_task",
                "wagtailcore",
                "task"
            ],
            [
                "change_task",
                "wagtailcore",
                "task"
            ],
            [
                "delete_task",
                "wagtailcore",
                "task"
            ],
            [
                "add_workflow",
                "wagtailcore",
                "workflow"
            ],
            [
                "change_workflow",
                "wagtailcore",
                "workflow"
            ],
            [
                "delete_workflow",
                "wagtailcore",
                "workflow"
            ],
            [
                "add_redirect",
                "wagtailredirects",
                "redirect"
            ],
            [
                "change_redirect",
                "wagtailredirects",
                "redirect"
            ],
            [
                "delete_redirect",
                "wagtailredirects",
                "redirect"
            ]
        ]
    }
},
{
    "model": "auth.group",
    "fields": {
        "name": "Coach",
        "permissions": [
            [
                "add_group",
                "auth",
                "group"
            ],
            [
                "change_group",
                "auth",
                "group"
            ],
            [
                "delete_group",
                "auth",
                "group"
            ],
            [
                "add_user",
                "auth",
                "user"
            ],
            [
                "change_user",
                "auth",
                "user"
            ],
            [
                "delete_user",
                "auth",
                "user"
            ],
            [
                "access_admin",
                "wagtailadmin",
                "admin"
            ],
            [
                "add_collection",
                "wagtailcore",
                "collection"
            ],
            [
                "change_collection",
                "wagtailcore",
                "collection"
            ],
            [
                "delete_collection",
                "wagtailcore",
                "collection"
            ],
            [
                "add_site",
                "wagtailcore",
                "site"
            ],
            [
                "change_site",
                "wagtailcore",
                "site"
            ],
            [
                "delete_site",
                "wagtailcore",
                "site"
            ],
            [
                "add_task",
                "wagtailcore",
                "task"
            ],
            [
                "change_task",
                "wagtailcore",
                "task"
            ],
            [
                "delete_task",
                "wagtailcore",
                "task"
            ],
            [
                "add_workflow",
                "wagtailcore",
                "workflow"
            ],
            [
                "change_workflow",
                "wagtailcore",
                "workflow"
            ],
            [
                "delete_workflow",
                "wagtailcore",
                "workflow"
            ],
            [
                "add_redirect",
                "wagtailredirects",
                "redirect"
            ],
            [
                "change_redirect",
                "wagtailredirects",
                "redirect"
            ],
            [
                "delete_redirect",
                "wagtailredirects",
                "redirect"
            ]
        ]
    }
},
{
    "model": "auth.group",
    "fields": {
        "name": "Player",
        "permissions": []
    }
},
{
    "model": "auth.group",
    "fields": {
        "name": "Board officer",
        "permissions": [
            [
                "add_group",
                "auth",
                "group"
            ],
            [
                "change_group",
                "auth",
                "group"
            ],
            [
                "delete_group",
                "auth",
                "group"
            ],
            [
                "add_user",
                "auth",
                "user"
            ],
            [
                "change_user",
                "auth",
                "user"
            ],
            [
                "delete_user",
                "auth",
                "user"
            ],
            [
                "add_collection",
                "wagtailcore",
                "collection"
            ],
            [
                "change_collection",
                "wagtailcore",
                "collection"
            ],
            [
                "delete_collection",
                "wagtailcore",
                "collection"
            ],
            [
                "add_site",
                "wagtailcore",
                "site"
            ],
            [
                "change_site",
                "wagtailcore",
                "site"
            ],
            [
                "delete_site",
                "wagtailcore",
                "site"
            ],
            [
                "add_task",
                "wagtailcore",
                "task"
            ],
            [
                "change_task",
                "wagtailcore",
                "task"
            ],
            [
                "delete_task",
                "wagtailcore",
                "task"
            ],
            [
                "add_workflow",
                "wagtailcore",
                "workflow"
            ],
            [
                "change_workflow",
                "wagtailcore",
                "workflow"
            ],
            [
                "delete_workflow",
                "wagtailcore",
                "workflow"
            ],
            [
                "add_redirect",
                "wagtailredirects",
                "redirect"
            ],
            [
                "change_redirect",
                "wagtailredirects",
                "redirect"
            ],
            [
                "delete_redirect",
                "wagtailredirects",
                "redirect"
            ]
        ]
    }
},
{
    "model": "auth.user",
    "fields": {
        "password": "pbkdf2_sha256$216000$WtsDlXv0h0xs$mWYZWSKtiKYn1SI1booFwLCdlArxHzN4Fc2y0QQ9SZ4=",
        "last_login": "2021-04-01T12:29:32.392Z",
        "is_superuser": true,
        "username": "joel0",
        "first_name": "",
        "last_name": "",
        "email": "joel081112@icloud.com",
        "is_staff": true,
        "is_active": true,
        "date_joined": "2021-01-28T15:09:31.206Z",
        "groups": [],
        "user_permissions": []
    }
},
{
    "model": "auth.user",
    "fields": {
        "password": "pbkdf2_sha256$216000$fbt59RegizVG$3ggsj9+j7NSajOSt8nnQGm0AED2ShWY24QbGflWAhH0=",
        "last_login": "2021-02-10T16:30:51.708Z",
        "is_superuser": true,
        "username": "admin",
        "first_name": "Ards",
        "last_name": "Club",
        "email": "joelferguson98@gmail.com",
        "is_staff": false,
        "is_active": true,
        "date_joined": "2021-01-28T16:30:40.380Z",
        "groups": [
            [
                "Moderators"
            ],
            [
                "Editors"
            ]
        ],
        "user_permissions": []
    }
},
{
    "model": "sessions.session",
    "pk": "5hmqurtzg35iq9olcyarppc8n1c7fqml",
    "fields": {
        "session_data": ".eJzVVdtu2zgQ_RcD9osqQ1dLKqAHO4k3ycZBc1s0XRQGJY4k2pSo8GLFWey_L2U5ip22D_tQoAUIg3NmOHOGlM_8M1giJYulEsCXBA8-DuzBh0MsQekaqtaBV6jK2ThlleQkGbch471XjBcMA53tY48SFEgU7WnXcj3w3CC1J5mNLCt0UZhFrhuFYRDZoeXYEww-trAX2tjGPgpCbCOEU4zBci2dtEG5RISaNYcNgcYcfPx7kAqelQRjCg3iIJmuHz-up6vAulCZ9xdptpPzp8n14-IzL1_oYnXz2DxffKKbl6un6zt2La58JW_L8uZyOkmzJPpCvZObUQXPMh5JIinE56yEUYKqSrfSIXOm6wM3VkpIgzK2JlVuZIwbgkEpi9bCJMuAQyVHRF8WM1OmKhnbe8sy9V2BBBz3AOMYeGz1ttzWEG8IBtZDBMdW6rguhIkZAPZNz_UzM8oc3_TTAOEMYc-Kkj5-g6gCc5cjLqSsxdCdDp25XlumpBonoLer5we4FLfLz3fi3cEU1ZKwKp4TrttkWWZoykYJBjzXFJHqXXhGGZLxiW4Z-DuXIC8QF4hmr9coVNLd5DCYDR0noSxdC71pCfqzDlzDdo84zspNS9Jazon-lfpxetc9aHKyAzqvvrjeqyohtxRw78VQy6JzWx1CKkoquGvDbvXnDQc8_NMuRPdE5PZHXowk2qOaeHDaLu34polskwXs-038-uRTmxzSPCRvfJ89kqwk6c_gviOnv0cB8ighhSp_rWF3UN-C1Tb2v19MWk30O7zY8ckFqt8CHMc6NI7oni1mZ6c911JJlBCqE_QBF4vFw_10dnX21tBRdV2xTADfHybd6U0frzjtPcca1DTNeKdDCeiJUrYIkmkxdOeboXu6eljMzyyX-5fN0JlIjXiiT1pz1lbh16h8q_vI1L1KoA9q5w87DpnyilFsnJNckQPBKFSZVHqs_IAoGW8lKfM9yQ1pRfOQ3bx4wpAhReV4VedvaVuB61M-6EFoXFS1koYS7YD4A-SfsG207BufEJdG-zcKRWgGQ2f3yXUPu1uvqklKlIOeIXszlSgeCaryuGgnlAC2H096i3haLDGIlJNOxEc5W1KygaXW6JEWcMJ328EHe2I7UeB4kT_2PDuIHP_rv_8B5cNpLA:1l9rpP:qDQjYNCK55FPC2D03oHGFKVDhgl2uuDdY5XJPmKlwUw",
        "expire_date": "2021-02-24T15:54:55.797Z"
    }
},
{
    "model": "sessions.session",
    "pk": "9xe1efpwf263g6rucg4zkuizqzqk02jm",
    "fields": {
        "session_data": ".eJxVjDEOwjAMRe-SGUU2ThuHkZ0zRG6ckgJqpaadEHdHkTrA-t97_22i7FuJe81rnNRcDJrT7zZIeua5AX3IfF9sWuZtnQbbFHvQam-L5tf1cP8OitTSagJy2ZFP2I8oAEzCYyAKzD4gwxl7zZ2COkZF7cSzoogm1QwE5vMFus83Yw:1l5AIC:rI1UeaIakYp5dAhes-qO56BHsqT42tj4km-2PsMgyBA",
        "expire_date": "2021-02-11T16:37:12.554Z"
    }
},
{
    "model": "sessions.session",
    "pk": "e6vl7qsmuwontgfl2o4ekhkknlkrzevh",
    "fields": {
        "session_data": ".eJxVjDEOwjAMRe-SGUU2ThuHkZ0zRG6ckgJqpaadEHdHkTrA-t97_22i7FuJe81rnNRcDJrT7zZIeua5AX3IfF9sWuZtnQbbFHvQam-L5tf1cP8OitTSagJy2ZFP2I8oAEzCYyAKzD4gwxl7zZ2COkZF7cSzoogm1QwE5vMFus83Yw:1lD8he:wXJ1uWsJs62ou0LUalGY2aYJrGDt_hRicAxnyXYBWU0",
        "expire_date": "2021-03-05T16:32:26.134Z"
    }
},
{
    "model": "sessions.session",
    "pk": "ggob4wp4cjm6ioj0n83ick7ph70figdc",
    "fields": {
        "session_data": ".eJxVjDEOwjAMRe-SGUU2ThuHkZ0zRG6ckgJqpaadEHdHkTrA-t97_22i7FuJe81rnNRcDJrT7zZIeua5AX3IfF9sWuZtnQbbFHvQam-L5tf1cP8OitTSagJy2ZFP2I8oAEzCYyAKzD4gwxl7zZ2COkZF7cSzoogm1QwE5vMFus83Yw:1lQtB4:WkzsbIXOCAQOGW83wlNSZr-fj9iPpwAhHFoIy4nICHs",
        "expire_date": "2021-04-12T14:47:38.485Z"
    }
},
{
    "model": "sessions.session",
    "pk": "h9z2km6hz6l19r2jj5gg1hszd6ovwbs4",
    "fields": {
        "session_data": ".eJxVjDEOwjAMRe-SGUU2ThuHkZ0zRG6ckgJqpaadEHdHkTrA-t97_22i7FuJe81rnNRcDJrT7zZIeua5AX3IfF9sWuZtnQbbFHvQam-L5tf1cP8OitTSagJy2ZFP2I8oAEzCYyAKzD4gwxl7zZ2COkZF7cSzoogm1QwE5vMFus83Yw:1lRwS4:ygLHlWbAUTdWAXxZ4P4dL7mlUcvGrkcipmcvvBStq0U",
        "expire_date": "2021-04-15T12:29:32.447Z"
    }
},
{
    "model": "sessions.session",
    "pk": "i2oellk7rnju5aq3ryvvj7skqx032gof",
    "fields": {
        "session_data": ".eJxVjDEOwjAMRe-SGUU2ThuHkZ0zRG6ckgJqpaadEHdHkTrA-t97_22i7FuJe81rnNRcDJrT7zZIeua5AX3IfF9sWuZtnQbbFHvQam-L5tf1cP8OitTSagJy2ZFP2I8oAEzCYyAKzD4gwxl7zZ2COkZF7cSzoogm1QwE5vMFus83Yw:1lRY8K:xJFd5PKGUPPdcX63dZZ3b1QqAoPuj6vgOAQwPNvq8Gg",
        "expire_date": "2021-04-14T10:31:32.233Z"
    }
},
{
    "model": "sessions.session",
    "pk": "io02frfgy6wr15o38iufeq5l59kwgmex",
    "fields": {
        "session_data": ".eJxVjDsOwjAQBe_iGlmx179Q0ucM0a53wQFkS_lUiLtDpBTQvpl5LzXitpZxW2QeJ1ZnZdXpdyPMD6k74DvWW9O51XWeSO-KPuiih8byvBzu30HBpXxrIZejD-jRogGiIMbnHqWjSMYxC0MwPUsC8DGkJAL5Gi1Y43yHDtT7A_4pN_Y:1l9sOB:tgZV1Jjnul2io5UufN-LZB8OBjCQZW87WyK7vxrbV7Q",
        "expire_date": "2021-02-24T16:30:51.761Z"
    }
},
{
    "model": "sessions.session",
    "pk": "iw2nq0zlw8w7k6gql88xxfxuo3vu9ycn",
    "fields": {
        "session_data": ".eJxVjDEOwjAMRe-SGUU2ThuHkZ0zRG6ckgJqpaadEHdHkTrA-t97_22i7FuJe81rnNRcDJrT7zZIeua5AX3IfF9sWuZtnQbbFHvQam-L5tf1cP8OitTSagJy2ZFP2I8oAEzCYyAKzD4gwxl7zZ2COkZF7cSzoogm1QwE5vMFus83Yw:1l9PBw:y0SvVTbyRmx5CAVPnlcY7wXV_UsN0oGqgBbD4Gy_sCw",
        "expire_date": "2021-02-23T09:20:16.491Z"
    }
},
{
    "model": "sessions.session",
    "pk": "kjtm9uwzxhd20005wk8ohqphqhnjeras",
    "fields": {
        "session_data": ".eJxVjDEOwjAMRe-SGUU2ThuHkZ0zRG6ckgJqpaadEHdHkTrA-t97_22i7FuJe81rnNRcDJrT7zZIeua5AX3IfF9sWuZtnQbbFHvQam-L5tf1cP8OitTSagJy2ZFP2I8oAEzCYyAKzD4gwxl7zZ2COkZF7cSzoogm1QwE5vMFus83Yw:1lHqmu:x0r29Lat_MghNQbp7L9mVHOJNaYkfWJLXqVVa0qtqMM",
        "expire_date": "2021-03-18T16:25:20.673Z"
    }
},
{
    "model": "sessions.session",
    "pk": "o1u8f5jg2tbiigh7s0ymvzoiriq8q4v8",
    "fields": {
        "session_data": ".eJxVj0tvgzAQhP8LB04JsjEPE4lDK1U9tFGi5tCXKmS8G3ADmNoOpKr63wt9qb2N5pud0b55hTi6ujhaNIUCb-VRb_HXK4U8YDcDeBZdpQOpO2dUGcyR4JvaYK0Bm_Pv7L-CWth6vmaERRixVNJkTwUhnAm-zxjLOE8zyklIE8AYCEScAoVYpByoECABkDAylY6ickI1y97goHBceqtHT1qzbxVAg6Mw6PS0n2-HZF0m4evB3YfxteRZWpnq6tDuoHkZbpMduzEIl7JtRBxejPZYb-_4Rsq2beGhT89Sv8OTy32nXIP5ZkAzr_ml6LrpnS_Xt82xyvUPs6h_AQoj6wLQSqN6p3SX-5UuGjVgIaZWPPXKfEpvQRMaRXEWRzxICMkm9fT-AfKNiOY:1lG6g8:h8BvhlWvZtbs1iNC7AdGXFNxcYVVXMg7yqLdZSFtbco",
        "expire_date": "2021-03-13T20:59:08.864Z"
    }
},
{
    "model": "sessions.session",
    "pk": "pynkwb178m0g3lo9jbcdm8dj7a0b44yz",
    "fields": {
        "session_data": ".eJxVjDEOwjAMRe-SGUU2ThuHkZ0zRG6ckgJqpaadEHdHkTrA-t97_22i7FuJe81rnNRcDJrT7zZIeua5AX3IfF9sWuZtnQbbFHvQam-L5tf1cP8OitTSagJy2ZFP2I8oAEzCYyAKzD4gwxl7zZ2COkZF7cSzoogm1QwE5vMFus83Yw:1l58x9:8Tn1DjGAkrfoEKDwB2NB1GYeWZZtyKFaQKrX7C7AJVQ",
        "expire_date": "2021-02-11T15:11:23.655Z"
    }
},
{
    "model": "sessions.session",
    "pk": "t2b8n41gud7qx0m95rf5rcva39gem8vb",
    "fields": {
        "session_data": ".eJxVjDEOwjAMRe-SGUU2ThuHkZ0zRG6ckgJqpaadEHdHkTrA-t97_22i7FuJe81rnNRcDJrT7zZIeua5AX3IfF9sWuZtnQbbFHvQam-L5tf1cP8OitTSagJy2ZFP2I8oAEzCYyAKzD4gwxl7zZ2COkZF7cSzoogm1QwE5vMFus83Yw:1l80fn:v7GTXo0hZgAaRgu7jSYsGBDuacSFTJZzaSYyj4C7u2U",
        "expire_date": "2021-02-19T12:57:19.048Z"
    }
},
{
    "model": "sessions.session",
    "pk": "tza8d7h5sqb7po4sj40jmm56zktz1n9r",
    "fields": {
        "session_data": ".eJxVjDEOwjAMRe-SGUU2ThuHkZ0zRG6ckgJqpaadEHdHkTrA-t97_22i7FuJe81rnNRcDJrT7zZIeua5AX3IfF9sWuZtnQbbFHvQam-L5tf1cP8OitTSagJy2ZFP2I8oAEzCYyAKzD4gwxl7zZ2COkZF7cSzoogm1QwE5vMFus83Yw:1lCfWQ:cb5C366Mbtkrc8RM9fyxyw6W1KescoaSk3-O_lplKF0",
        "expire_date": "2021-03-04T09:22:54.509Z"
    }
},
{
    "model": "sessions.session",
    "pk": "vlyb1q1ikergjxk0b29nm7d041wo1teg",
    "fields": {
        "session_data": ".eJxVjDEOwjAMRe-SGUU2ThuHkZ0zRG6ckgJqpaadEHdHkTrA-t97_22i7FuJe81rnNRcDJrT7zZIeua5AX3IfF9sWuZtnQbbFHvQam-L5tf1cP8OitTSagJy2ZFP2I8oAEzCYyAKzD4gwxl7zZ2COkZF7cSzoogm1QwE5vMFus83Yw:1lHqHc:SlPPE3toJP05ZSixtHLsQYL82shC7YPVzrIepLC-uz4",
        "expire_date": "2021-03-18T15:53:00.886Z"
    }
},
{
    "model": "sessions.session",
    "pk": "wvqe4hm2r9huihteobt0ynd35w8mql3p",
    "fields": {
        "session_data": ".eJxVjDsOwjAQBe_iGlmx179Q0ucM0a53wQFkS_lUiLtDpBTQvpl5LzXitpZxW2QeJ1ZnZdXpdyPMD6k74DvWW9O51XWeSO-KPuiih8byvBzu30HBpXxrIZejD-jRogGiIMbnHqWjSMYxC0MwPUsC8DGkJAL5Gi1Y43yHDtT7A_4pN_Y:1l7hzd:yEe13msvn0AlOIZxn5yBSkCvwLje2BSzp0u8m58VeHQ",
        "expire_date": "2021-02-18T17:00:33.517Z"
    }
},
{
    "model": "admin.logentry",
    "pk": 1,
    "fields": {
        "action_time": "2021-01-28T17:04:27.880Z",
        "user": [
            "joel0"
        ],
        "content_type": [
            "home",
            "team"
        ],
        "object_id": "1",
        "object_repr": "Moneyreagh",
        "action_flag": 1,
        "change_message": "[{\"added\": {}}]"
    }
},
{
    "model": "admin.logentry",
    "pk": 2,
    "fields": {
        "action_time": "2021-01-28T17:18:17.027Z",
        "user": [
            "joel0"
        ],
        "content_type": [
            "home",
            "team"
        ],
        "object_id": "1",
        "object_repr": "Moneyreagh",
        "action_flag": 3,
        "change_message": ""
    }
},
{
    "model": "admin.logentry",
    "pk": 3,
    "fields": {
        "action_time": "2021-02-05T12:57:45.324Z",
        "user": [
            "joel0"
        ],
        "content_type": [
            "home",
            "role"
        ],
        "object_id": "1",
        "object_repr": "Captain",
        "action_flag": 1,
        "change_message": "[{\"added\": {}}]"
    }
},
{
    "model": "admin.logentry",
    "pk": 4,
    "fields": {
        "action_time": "2021-02-05T12:57:51.864Z",
        "user": [
            "joel0"
        ],
        "content_type": [
            "home",
            "type"
        ],
        "object_id": "1",
        "object_repr": "Bowler",
        "action_flag": 1,
        "change_message": "[{\"added\": {}}]"
    }
},
{
    "model": "admin.logentry",
    "pk": 5,
    "fields": {
        "action_time": "2021-02-05T12:57:59.682Z",
        "user": [
            "joel0"
        ],
        "content_type": [
            "home",
            "team"
        ],
        "object_id": "2",
        "object_repr": "firstXi",
        "action_flag": 1,
        "change_message": "[{\"added\": {}}]"
    }
},
{
    "model": "admin.logentry",
    "pk": 6,
    "fields": {
        "action_time": "2021-02-05T12:58:05.905Z",
        "user": [
            "joel0"
        ],
        "content_type": [
            "home",
            "member"
        ],
        "object_id": "1",
        "object_repr": "Mr Joel A Ferguson",
        "action_flag": 1,
        "change_message": "[{\"added\": {}}]"
    }
},
{
    "model": "admin.logentry",
    "pk": 7,
    "fields": {
        "action_time": "2021-02-05T16:36:32.954Z",
        "user": [
            "joel0"
        ],
        "content_type": [
            "home",
            "matchformat"
        ],
        "object_id": "1",
        "object_repr": "T20",
        "action_flag": 1,
        "change_message": "[{\"added\": {}}]"
    }
},
{
    "model": "admin.logentry",
    "pk": 8,
    "fields": {
        "action_time": "2021-02-05T16:36:44.765Z",
        "user": [
            "joel0"
        ],
        "content_type": [
            "home",
            "matchformat"
        ],
        "object_id": "2",
        "object_repr": "35 Overs",
        "action_flag": 1,
        "change_message": "[{\"added\": {}}]"
    }
},
{
    "model": "admin.logentry",
    "pk": 9,
    "fields": {
        "action_time": "2021-02-05T17:21:10.256Z",
        "user": [
            "joel0"
        ],
        "content_type": [
            "home",
            "venue"
        ],
        "object_id": "1",
        "object_repr": "Home",
        "action_flag": 1,
        "change_message": "[{\"added\": {}}]"
    }
},
{
    "model": "admin.logentry",
    "pk": 10,
    "fields": {
        "action_time": "2021-02-05T17:21:13.097Z",
        "user": [
            "joel0"
        ],
        "content_type": [
            "home",
            "venue"
        ],
        "object_id": "2",
        "object_repr": "Away",
        "action_flag": 1,
        "change_message": "[{\"added\": {}}]"
    }
},
{
    "model": "admin.logentry",
    "pk": 11,
    "fields": {
        "action_time": "2021-02-26T13:49:18.331Z",
        "user": [
            "joel0"
        ],
        "content_type": [
            "home",
            "club"
        ],
        "object_id": "1",
        "object_repr": "Bangor",
        "action_flag": 1,
        "change_message": "[{\"added\": {}}]"
    }
},
{
    "model": "admin.logentry",
    "pk": 12,
    "fields": {
        "action_time": "2021-02-26T13:50:00.097Z",
        "user": [
            "joel0"
        ],
        "content_type": [
            "home",
            "club"
        ],
        "object_id": "1",
        "object_repr": "Bangor",
        "action_flag": 3,
        "change_message": ""
    }
},
{
    "model": "admin.logentry",
    "pk": 13,
    "fields": {
        "action_time": "2021-02-26T13:53:58.425Z",
        "user": [
            "joel0"
        ],
        "content_type": [
            "home",
            "club"
        ],
        "object_id": "2",
        "object_repr": "Ards",
        "action_flag": 1,
        "change_message": "[{\"added\": {}}]"
    }
},
{
    "model": "admin.logentry",
    "pk": 14,
    "fields": {
        "action_time": "2021-02-26T13:54:02.648Z",
        "user": [
            "joel0"
        ],
        "content_type": [
            "home",
            "club"
        ],
        "object_id": "3",
        "object_repr": "Bang",
        "action_flag": 1,
        "change_message": "[{\"added\": {}}]"
    }
},
{
    "model": "admin.logentry",
    "pk": 15,
    "fields": {
        "action_time": "2021-02-26T13:54:25.989Z",
        "user": [
            "joel0"
        ],
        "content_type": [
            "home",
            "club"
        ],
        "object_id": "3",
        "object_repr": "Bangor",
        "action_flag": 2,
        "change_message": "[{\"changed\": {\"fields\": [\"Name\", \"Badge\", \"Home venue\"]}}]"
    }
},
{
    "model": "admin.logentry",
    "pk": 16,
    "fields": {
        "action_time": "2021-02-26T13:55:17.737Z",
        "user": [
            "joel0"
        ],
        "content_type": [
            "home",
            "member"
        ],
        "object_id": "2",
        "object_repr": "Gareth Rogers",
        "action_flag": 1,
        "change_message": "[{\"added\": {}}]"
    }
},
{
    "model": "admin.logentry",
    "pk": 17,
    "fields": {
        "action_time": "2021-02-26T13:55:57.153Z",
        "user": [
            "joel0"
        ],
        "content_type": [
            "home",
            "match"
        ],
        "object_id": "1",
        "object_repr": "Match=firstXi",
        "action_flag": 1,
        "change_message": "[{\"added\": {}}]"
    }
},
{
    "model": "admin.logentry",
    "pk": 18,
    "fields": {
        "action_time": "2021-02-26T13:56:37.381Z",
        "user": [
            "joel0"
        ],
        "content_type": [
            "home",
            "wicket"
        ],
        "object_id": "1",
        "object_repr": "Bowled",
        "action_flag": 1,
        "change_message": "[{\"added\": {}}]"
    }
},
{
    "model": "admin.logentry",
    "pk": 19,
    "fields": {
        "action_time": "2021-02-26T13:57:18.285Z",
        "user": [
            "joel0"
        ],
        "content_type": [
            "home",
            "batting"
        ],
        "object_id": "2",
        "object_repr": "Member=Mr Joel A Ferguson",
        "action_flag": 1,
        "change_message": "[{\"added\": {}}]"
    }
},
{
    "model": "admin.logentry",
    "pk": 20,
    "fields": {
        "action_time": "2021-02-26T13:57:48.185Z",
        "user": [
            "joel0"
        ],
        "content_type": [
            "home",
            "wicket"
        ],
        "object_id": "2",
        "object_repr": "Not Out",
        "action_flag": 1,
        "change_message": "[{\"added\": {}}]"
    }
},
{
    "model": "admin.logentry",
    "pk": 21,
    "fields": {
        "action_time": "2021-02-26T13:57:51.017Z",
        "user": [
            "joel0"
        ],
        "content_type": [
            "home",
            "batting"
        ],
        "object_id": "3",
        "object_repr": "Member=Gareth Rogers",
        "action_flag": 1,
        "change_message": "[{\"added\": {}}]"
    }
},
{
    "model": "admin.logentry",
    "pk": 22,
    "fields": {
        "action_time": "2021-02-26T13:58:23.285Z",
        "user": [
            "joel0"
        ],
        "content_type": [
            "home",
            "match"
        ],
        "object_id": "1",
        "object_repr": "Match=firstXi",
        "action_flag": 2,
        "change_message": "[]"
    }
},
{
    "model": "admin.logentry",
    "pk": 23,
    "fields": {
        "action_time": "2021-02-26T14:08:48.325Z",
        "user": [
            "joel0"
        ],
        "content_type": [
            "home",
            "cointoss"
        ],
        "object_id": "1",
        "object_repr": "won the toss and chose to Bat first,",
        "action_flag": 1,
        "change_message": "[{\"added\": {}}]"
    }
},
{
    "model": "admin.logentry",
    "pk": 24,
    "fields": {
        "action_time": "2021-02-26T14:09:00.989Z",
        "user": [
            "joel0"
        ],
        "content_type": [
            "home",
            "cointoss"
        ],
        "object_id": "2",
        "object_repr": "won the toss and chose to Bowl first,",
        "action_flag": 1,
        "change_message": "[{\"added\": {}}]"
    }
},
{
    "model": "admin.logentry",
    "pk": 25,
    "fields": {
        "action_time": "2021-02-26T14:09:43.072Z",
        "user": [
            "joel0"
        ],
        "content_type": [
            "home",
            "match"
        ],
        "object_id": "1",
        "object_repr": "Match=firstXi on 2020-11-30",
        "action_flag": 2,
        "change_message": "[{\"changed\": {\"fields\": [\"Decision\"]}}]"
    }
},
{
    "model": "admin.logentry",
    "pk": 26,
    "fields": {
        "action_time": "2021-02-26T14:11:03.928Z",
        "user": [
            "joel0"
        ],
        "content_type": [
            "home",
            "team"
        ],
        "object_id": "2",
        "object_repr": "firstXI",
        "action_flag": 2,
        "change_message": "[{\"changed\": {\"fields\": [\"Name\"]}}]"
    }
},
{
    "model": "admin.logentry",
    "pk": 27,
    "fields": {
        "action_time": "2021-02-26T14:12:07.554Z",
        "user": [
            "joel0"
        ],
        "content_type": [
            "home",
            "bowling"
        ],
        "object_id": "1",
        "object_repr": "Member=Mr Joel A Ferguson",
        "action_flag": 1,
        "change_message": "[{\"added\": {}}]"
    }
},
{
    "model": "admin.logentry",
    "pk": 28,
    "fields": {
        "action_time": "2021-02-26T14:20:11.991Z",
        "user": [
            "joel0"
        ],
        "content_type": [
            "home",
            "bowling"
        ],
        "object_id": "1",
        "object_repr": "Member=Mr Joel A Ferguson",
        "action_flag": 2,
        "change_message": "[{\"changed\": {\"fields\": [\"Runs\", \"Wides\", \"Byes\", \"Leg byes\"]}}]"
    }
},
{
    "model": "admin.logentry",
    "pk": 29,
    "fields": {
        "action_time": "2021-02-26T14:20:35.626Z",
        "user": [
            "joel0"
        ],
        "content_type": [
            "home",
            "wicket"
        ],
        "object_id": "3",
        "object_repr": "Did not bat",
        "action_flag": 1,
        "change_message": "[{\"added\": {}}]"
    }
},
{
    "model": "admin.logentry",
    "pk": 30,
    "fields": {
        "action_time": "2021-02-26T14:20:40.639Z",
        "user": [
            "joel0"
        ],
        "content_type": [
            "home",
            "wicket"
        ],
        "object_id": "4",
        "object_repr": "Stumped",
        "action_flag": 1,
        "change_message": "[{\"added\": {}}]"
    }
},
{
    "model": "admin.logentry",
    "pk": 31,
    "fields": {
        "action_time": "2021-02-26T14:20:44.345Z",
        "user": [
            "joel0"
        ],
        "content_type": [
            "home",
            "wicket"
        ],
        "object_id": "5",
        "object_repr": "Caught",
        "action_flag": 1,
        "change_message": "[{\"added\": {}}]"
    }
},
{
    "model": "admin.logentry",
    "pk": 32,
    "fields": {
        "action_time": "2021-02-26T14:21:02.205Z",
        "user": [
            "joel0"
        ],
        "content_type": [
            "home",
            "type"
        ],
        "object_id": "2",
        "object_repr": "Batte",
        "action_flag": 1,
        "change_message": "[{\"added\": {}}]"
    }
},
{
    "model": "admin.logentry",
    "pk": 33,
    "fields": {
        "action_time": "2021-02-26T14:21:06.065Z",
        "user": [
            "joel0"
        ],
        "content_type": [
            "home",
            "type"
        ],
        "object_id": "2",
        "object_repr": "Batter",
        "action_flag": 2,
        "change_message": "[{\"changed\": {\"fields\": [\"Name\"]}}]"
    }
},
{
    "model": "admin.logentry",
    "pk": 34,
    "fields": {
        "action_time": "2021-02-26T14:21:21.994Z",
        "user": [
            "joel0"
        ],
        "content_type": [
            "home",
            "type"
        ],
        "object_id": "3",
        "object_repr": "Wicket Keeper",
        "action_flag": 1,
        "change_message": "[{\"added\": {}}]"
    }
},
{
    "model": "admin.logentry",
    "pk": 35,
    "fields": {
        "action_time": "2021-02-26T14:21:34.699Z",
        "user": [
            "joel0"
        ],
        "content_type": [
            "home",
            "type"
        ],
        "object_id": "4",
        "object_repr": "Fielder",
        "action_flag": 1,
        "change_message": "[{\"added\": {}}]"
    }
},
{
    "model": "admin.logentry",
    "pk": 36,
    "fields": {
        "action_time": "2021-02-26T14:21:43.727Z",
        "user": [
            "joel0"
        ],
        "content_type": [
            "home",
            "team"
        ],
        "object_id": "3",
        "object_repr": "secondXI",
        "action_flag": 1,
        "change_message": "[{\"added\": {}}]"
    }
},
{
    "model": "admin.logentry",
    "pk": 37,
    "fields": {
        "action_time": "2021-02-26T14:22:24.618Z",
        "user": [
            "joel0"
        ],
        "content_type": [
            "home",
            "cup"
        ],
        "object_id": "1",
        "object_repr": "Batting",
        "action_flag": 1,
        "change_message": "[{\"added\": {}}]"
    }
},
{
    "model": "admin.logentry",
    "pk": 38,
    "fields": {
        "action_time": "2021-02-26T14:22:35.347Z",
        "user": [
            "joel0"
        ],
        "content_type": [
            "home",
            "award"
        ],
        "object_id": "1",
        "object_repr": "Mr Joel A Ferguson Batting 2019,",
        "action_flag": 1,
        "change_message": "[{\"added\": {}}]"
    }
},
{
    "model": "admin.logentry",
    "pk": 39,
    "fields": {
        "action_time": "2021-02-26T14:23:30.382Z",
        "user": [
            "joel0"
        ],
        "content_type": [
            "home",
            "role"
        ],
        "object_id": "2",
        "object_repr": "Board officer",
        "action_flag": 1,
        "change_message": "[{\"added\": {}}]"
    }
},
{
    "model": "admin.logentry",
    "pk": 40,
    "fields": {
        "action_time": "2021-02-26T14:39:47.159Z",
        "user": [
            "joel0"
        ],
        "content_type": [
            "home",
            "match"
        ],
        "object_id": "1",
        "object_repr": "firstXI on 2020-11-30",
        "action_flag": 2,
        "change_message": "[{\"changed\": {\"fields\": [\"Overs played\"]}}]"
    }
},
{
    "model": "admin.logentry",
    "pk": 41,
    "fields": {
        "action_time": "2021-02-26T14:48:01.662Z",
        "user": [
            "joel0"
        ],
        "content_type": [
            "home",
            "cointoss"
        ],
        "object_id": "3",
        "object_repr": "won the toss and chose to Lost the toss and had to Bat first first",
        "action_flag": 1,
        "change_message": "[{\"added\": {}}]"
    }
},
{
    "model": "admin.logentry",
    "pk": 42,
    "fields": {
        "action_time": "2021-02-26T14:48:08.148Z",
        "user": [
            "joel0"
        ],
        "content_type": [
            "home",
            "cointoss"
        ],
        "object_id": "3",
        "object_repr": "won the toss and chose to Lost the toss and had to Bat first first",
        "action_flag": 2,
        "change_message": "[]"
    }
},
{
    "model": "admin.logentry",
    "pk": 43,
    "fields": {
        "action_time": "2021-02-26T14:49:11.092Z",
        "user": [
            "joel0"
        ],
        "content_type": [
            "home",
            "cointoss"
        ],
        "object_id": "2",
        "object_repr": "Won the toss and chose to Bowl first",
        "action_flag": 2,
        "change_message": "[{\"changed\": {\"fields\": [\"Decision\"]}}]"
    }
},
{
    "model": "admin.logentry",
    "pk": 44,
    "fields": {
        "action_time": "2021-02-26T14:49:17.728Z",
        "user": [
            "joel0"
        ],
        "content_type": [
            "home",
            "cointoss"
        ],
        "object_id": "1",
        "object_repr": "Won the toss and chose to Bat first",
        "action_flag": 2,
        "change_message": "[{\"changed\": {\"fields\": [\"Decision\"]}}]"
    }
},
{
    "model": "admin.logentry",
    "pk": 45,
    "fields": {
        "action_time": "2021-02-26T14:49:30.027Z",
        "user": [
            "joel0"
        ],
        "content_type": [
            "home",
            "cointoss"
        ],
        "object_id": "4",
        "object_repr": "Lost the toss and had to Bowl first",
        "action_flag": 1,
        "change_message": "[{\"added\": {}}]"
    }
},
{
    "model": "admin.logentry",
    "pk": 46,
    "fields": {
        "action_time": "2021-02-26T14:55:47.788Z",
        "user": [
            "joel0"
        ],
        "content_type": [
            "home",
            "match"
        ],
        "object_id": "1",
        "object_repr": "firstXI on 2020-11-30 39 Ards win",
        "action_flag": 2,
        "change_message": "[{\"changed\": {\"fields\": [\"Ards overs batted\", \"Ards runs\", \"Ards wickets\", \"Opponent overs batted\", \"Opponent runs\", \"Opponent wickets\"]}}]"
    }
},
{
    "model": "admin.logentry",
    "pk": 47,
    "fields": {
        "action_time": "2021-02-26T15:32:32.785Z",
        "user": [
            "joel0"
        ],
        "content_type": [
            "home",
            "match"
        ],
        "object_id": "1",
        "object_repr": "firstXI on 30 November 2020 Ards lost by 1 ",
        "action_flag": 2,
        "change_message": "[{\"changed\": {\"fields\": [\"Ards runs\"]}}]"
    }
},
{
    "model": "admin.logentry",
    "pk": 48,
    "fields": {
        "action_time": "2021-02-26T15:32:51.711Z",
        "user": [
            "joel0"
        ],
        "content_type": [
            "home",
            "match"
        ],
        "object_id": "1",
        "object_repr": "firstXI on 30 November 2020 Ards lost by 1 ",
        "action_flag": 2,
        "change_message": "[]"
    }
},
{
    "model": "admin.logentry",
    "pk": 49,
    "fields": {
        "action_time": "2021-02-27T15:54:49.998Z",
        "user": [
            "joel0"
        ],
        "content_type": [
            "home",
            "role"
        ],
        "object_id": "3",
        "object_repr": "Player",
        "action_flag": 1,
        "change_message": "[{\"added\": {}}]"
    }
},
{
    "model": "admin.logentry",
    "pk": 50,
    "fields": {
        "action_time": "2021-02-27T16:31:25.204Z",
        "user": [
            "joel0"
        ],
        "content_type": [
            "home",
            "club"
        ],
        "object_id": "4",
        "object_repr": "Donaghadee",
        "action_flag": 1,
        "change_message": "[{\"added\": {}}]"
    }
},
{
    "model": "admin.logentry",
    "pk": 51,
    "fields": {
        "action_time": "2021-02-27T16:32:08.070Z",
        "user": [
            "joel0"
        ],
        "content_type": [
            "home",
            "match"
        ],
        "object_id": "2",
        "object_repr": "secondXI on 18 October 2018 Ards lost by 1 ",
        "action_flag": 1,
        "change_message": "[{\"added\": {}}]"
    }
},
{
    "model": "admin.logentry",
    "pk": 52,
    "fields": {
        "action_time": "2021-02-27T16:55:08.787Z",
        "user": [
            "joel0"
        ],
        "content_type": [
            "home",
            "match"
        ],
        "object_id": "1",
        "object_repr": "firstXI on 30 November 2020 Ards win by 9",
        "action_flag": 2,
        "change_message": "[{\"changed\": {\"fields\": [\"Ards runs\"]}}]"
    }
},
{
    "model": "admin.logentry",
    "pk": 53,
    "fields": {
        "action_time": "2021-02-27T19:30:27.587Z",
        "user": [
            "joel0"
        ],
        "content_type": [
            "home",
            "batting"
        ],
        "object_id": "3",
        "object_repr": "Gareth Rogers firstXI on 30 November 2020 Ards won by 9 scored 23 runs",
        "action_flag": 2,
        "change_message": "[{\"changed\": {\"fields\": [\"Batter number\"]}}]"
    }
},
{
    "model": "admin.logentry",
    "pk": 54,
    "fields": {
        "action_time": "2021-02-27T19:30:33.172Z",
        "user": [
            "joel0"
        ],
        "content_type": [
            "home",
            "batting"
        ],
        "object_id": "2",
        "object_repr": "Mr Joel A Ferguson firstXI on 30 November 2020 Ards won by 9 scored 20 runs",
        "action_flag": 2,
        "change_message": "[{\"changed\": {\"fields\": [\"Batter number\"]}}]"
    }
},
{
    "model": "admin.logentry",
    "pk": 55,
    "fields": {
        "action_time": "2021-02-27T19:32:51.513Z",
        "user": [
            "joel0"
        ],
        "content_type": [
            "home",
            "bowling"
        ],
        "object_id": "1",
        "object_repr": "Mr Joel A Ferguson 2020-11-30, figures of 1-2-2",
        "action_flag": 2,
        "change_message": "[{\"changed\": {\"fields\": [\"Bowler number\"]}}]"
    }
},
{
    "model": "admin.logentry",
    "pk": 56,
    "fields": {
        "action_time": "2021-02-27T19:34:50.062Z",
        "user": [
            "joel0"
        ],
        "content_type": [
            "home",
            "member"
        ],
        "object_id": "1",
        "object_repr": "Joel Ferguson",
        "action_flag": 2,
        "change_message": "[{\"changed\": {\"fields\": [\"Name\"]}}]"
    }
},
{
    "model": "admin.logentry",
    "pk": 57,
    "fields": {
        "action_time": "2021-02-27T19:35:16.488Z",
        "user": [
            "joel0"
        ],
        "content_type": [
            "home",
            "wicket"
        ],
        "object_id": "6",
        "object_repr": "Hit Wicket",
        "action_flag": 1,
        "change_message": "[{\"added\": {}}]"
    }
},
{
    "model": "admin.logentry",
    "pk": 58,
    "fields": {
        "action_time": "2021-02-27T19:37:13.198Z",
        "user": [
            "joel0"
        ],
        "content_type": [
            "home",
            "club"
        ],
        "object_id": "5",
        "object_repr": "Donaghcloney",
        "action_flag": 1,
        "change_message": "[{\"added\": {}}]"
    }
},
{
    "model": "admin.logentry",
    "pk": 59,
    "fields": {
        "action_time": "2021-02-27T19:48:56.271Z",
        "user": [
            "joel0"
        ],
        "content_type": [
            "home",
            "batting"
        ],
        "object_id": "4",
        "object_repr": "Adam Lawther 2018-10-18 scored 25 runs",
        "action_flag": 1,
        "change_message": "[{\"added\": {}}]"
    }
},
{
    "model": "admin.logentry",
    "pk": 60,
    "fields": {
        "action_time": "2021-02-27T19:49:49.823Z",
        "user": [
            "joel0"
        ],
        "content_type": [
            "home",
            "batting"
        ],
        "object_id": "5",
        "object_repr": "Phil Ferguson 2018-10-18 scored 33 runs",
        "action_flag": 1,
        "change_message": "[{\"added\": {}}]"
    }
},
{
    "model": "admin.logentry",
    "pk": 61,
    "fields": {
        "action_time": "2021-02-27T19:50:43.324Z",
        "user": [
            "joel0"
        ],
        "content_type": [
            "home",
            "batting"
        ],
        "object_id": "6",
        "object_repr": "Joel Ferguson 2018-10-18 scored 65 runs",
        "action_flag": 1,
        "change_message": "[{\"added\": {}}]"
    }
},
{
    "model": "admin.logentry",
    "pk": 62,
    "fields": {
        "action_time": "2021-02-27T20:02:57.449Z",
        "user": [
            "joel0"
        ],
        "content_type": [
            "home",
            "bowling"
        ],
        "object_id": "2",
        "object_repr": "Gareth Rogers 2020-11-30, figures of 3-5-3",
        "action_flag": 1,
        "change_message": "[{\"added\": {}}]"
    }
},
{
    "model": "admin.logentry",
    "pk": 63,
    "fields": {
        "action_time": "2021-02-27T20:22:44.929Z",
        "user": [
            "joel0"
        ],
        "content_type": [
            "home",
            "batting"
        ],
        "object_id": "2",
        "object_repr": "Joel Ferguson 2020-11-30 scored 20 runs",
        "action_flag": 2,
        "change_message": "[{\"changed\": {\"fields\": [\"Out by\"]}}]"
    }
},
{
    "model": "admin.logentry",
    "pk": 64,
    "fields": {
        "action_time": "2021-02-27T20:22:50.005Z",
        "user": [
            "joel0"
        ],
        "content_type": [
            "home",
            "batting"
        ],
        "object_id": "3",
        "object_repr": "Gareth Rogers 2020-11-30 scored 23 runs",
        "action_flag": 2,
        "change_message": "[]"
    }
},
{
    "model": "admin.logentry",
    "pk": 65,
    "fields": {
        "action_time": "2021-03-01T16:59:38.883Z",
        "user": [
            "joel0"
        ],
        "content_type": [
            "home",
            "batting"
        ],
        "object_id": "6",
        "object_repr": "Joel Ferguson 2018-10-18 scored 65 runs",
        "action_flag": 2,
        "change_message": "[{\"changed\": {\"fields\": [\"Mode of dismissal\"]}}]"
    }
},
{
    "model": "admin.logentry",
    "pk": 66,
    "fields": {
        "action_time": "2021-03-04T18:04:41.625Z",
        "user": [
            "joel0"
        ],
        "content_type": [
            "home",
            "team"
        ],
        "object_id": "3",
        "object_repr": "secondXI",
        "action_flag": 2,
        "change_message": "[{\"changed\": {\"fields\": [\"Abr\"]}}]"
    }
},
{
    "model": "admin.logentry",
    "pk": 67,
    "fields": {
        "action_time": "2021-03-04T18:04:47.602Z",
        "user": [
            "joel0"
        ],
        "content_type": [
            "home",
            "team"
        ],
        "object_id": "2",
        "object_repr": "firstXI",
        "action_flag": 2,
        "change_message": "[{\"changed\": {\"fields\": [\"Abr\"]}}]"
    }
},
{
    "model": "admin.logentry",
    "pk": 68,
    "fields": {
        "action_time": "2021-03-04T18:50:30.542Z",
        "user": [
            "joel0"
        ],
        "content_type": [
            "home",
            "club"
        ],
        "object_id": "4",
        "object_repr": "Donaghadee",
        "action_flag": 2,
        "change_message": "[{\"changed\": {\"fields\": [\"Badge\"]}}]"
    }
},
{
    "model": "admin.logentry",
    "pk": 69,
    "fields": {
        "action_time": "2021-03-04T18:51:39.144Z",
        "user": [
            "joel0"
        ],
        "content_type": [
            "home",
            "club"
        ],
        "object_id": "4",
        "object_repr": "Donaghadee",
        "action_flag": 2,
        "change_message": "[{\"changed\": {\"fields\": [\"Badge\"]}}]"
    }
},
{
    "model": "admin.logentry",
    "pk": 70,
    "fields": {
        "action_time": "2021-03-04T18:55:37.399Z",
        "user": [
            "joel0"
        ],
        "content_type": [
            "home",
            "club"
        ],
        "object_id": "4",
        "object_repr": "Donaghadee",
        "action_flag": 2,
        "change_message": "[{\"changed\": {\"fields\": [\"Badge\"]}}]"
    }
},
{
    "model": "admin.logentry",
    "pk": 71,
    "fields": {
        "action_time": "2021-03-04T18:58:25.667Z",
        "user": [
            "joel0"
        ],
        "content_type": [
            "home",
            "club"
        ],
        "object_id": "4",
        "object_repr": "Donaghadee",
        "action_flag": 2,
        "change_message": "[{\"changed\": {\"fields\": [\"Badge\"]}}]"
    }
},
{
    "model": "admin.logentry",
    "pk": 72,
    "fields": {
        "action_time": "2021-03-04T18:59:01.616Z",
        "user": [
            "joel0"
        ],
        "content_type": [
            "home",
            "club"
        ],
        "object_id": "4",
        "object_repr": "Donaghadee",
        "action_flag": 2,
        "change_message": "[{\"changed\": {\"fields\": [\"Badge\"]}}]"
    }
},
{
    "model": "admin.logentry",
    "pk": 73,
    "fields": {
        "action_time": "2021-03-04T19:00:54.094Z",
        "user": [
            "joel0"
        ],
        "content_type": [
            "home",
            "member"
        ],
        "object_id": "5",
        "object_repr": "Arafat Khan",
        "action_flag": 1,
        "change_message": "[{\"added\": {}}]"
    }
},
{
    "model": "admin.logentry",
    "pk": 74,
    "fields": {
        "action_time": "2021-03-04T19:01:18.172Z",
        "user": [
            "joel0"
        ],
        "content_type": [
            "home",
            "member"
        ],
        "object_id": "6",
        "object_repr": "Conn Crawford",
        "action_flag": 1,
        "change_message": "[{\"added\": {}}]"
    }
},
{
    "model": "admin.logentry",
    "pk": 75,
    "fields": {
        "action_time": "2021-03-04T19:01:40.509Z",
        "user": [
            "joel0"
        ],
        "content_type": [
            "home",
            "member"
        ],
        "object_id": "7",
        "object_repr": "Jonah Ditty",
        "action_flag": 1,
        "change_message": "[{\"added\": {}}]"
    }
},
{
    "model": "admin.logentry",
    "pk": 76,
    "fields": {
        "action_time": "2021-03-04T19:02:08.427Z",
        "user": [
            "joel0"
        ],
        "content_type": [
            "home",
            "member"
        ],
        "object_id": "8",
        "object_repr": "Dominic Allen",
        "action_flag": 1,
        "change_message": "[{\"added\": {}}]"
    }
},
{
    "model": "admin.logentry",
    "pk": 77,
    "fields": {
        "action_time": "2021-03-04T19:02:35.112Z",
        "user": [
            "joel0"
        ],
        "content_type": [
            "home",
            "member"
        ],
        "object_id": "9",
        "object_repr": "Rory McVeigh",
        "action_flag": 1,
        "change_message": "[{\"added\": {}}]"
    }
},
{
    "model": "admin.logentry",
    "pk": 78,
    "fields": {
        "action_time": "2021-03-04T19:03:02.611Z",
        "user": [
            "joel0"
        ],
        "content_type": [
            "home",
            "member"
        ],
        "object_id": "10",
        "object_repr": "Noah Greenauld",
        "action_flag": 1,
        "change_message": "[{\"added\": {}}]"
    }
},
{
    "model": "admin.logentry",
    "pk": 79,
    "fields": {
        "action_time": "2021-03-04T19:03:46.682Z",
        "user": [
            "joel0"
        ],
        "content_type": [
            "home",
            "member"
        ],
        "object_id": "11",
        "object_repr": "Jonathan Alexander",
        "action_flag": 1,
        "change_message": "[{\"added\": {}}]"
    }
},
{
    "model": "admin.logentry",
    "pk": 80,
    "fields": {
        "action_time": "2021-03-04T19:04:43.631Z",
        "user": [
            "joel0"
        ],
        "content_type": [
            "home",
            "member"
        ],
        "object_id": "12",
        "object_repr": "Eddie Hawkins",
        "action_flag": 1,
        "change_message": "[{\"added\": {}}]"
    }
},
{
    "model": "admin.logentry",
    "pk": 81,
    "fields": {
        "action_time": "2021-03-04T19:05:36.071Z",
        "user": [
            "joel0"
        ],
        "content_type": [
            "home",
            "batting"
        ],
        "object_id": "6",
        "object_repr": "Joel Ferguson 2018-10-18 scored 65 runs",
        "action_flag": 2,
        "change_message": "[{\"changed\": {\"fields\": [\"Out by\"]}}]"
    }
},
{
    "model": "admin.logentry",
    "pk": 82,
    "fields": {
        "action_time": "2021-03-04T19:05:44.089Z",
        "user": [
            "joel0"
        ],
        "content_type": [
            "home",
            "batting"
        ],
        "object_id": "6",
        "object_repr": "Joel Ferguson 2018-10-18 scored 65 runs",
        "action_flag": 2,
        "change_message": "[{\"changed\": {\"fields\": [\"Out by\"]}}]"
    }
},
{
    "model": "admin.logentry",
    "pk": 83,
    "fields": {
        "action_time": "2021-03-04T19:05:53.875Z",
        "user": [
            "joel0"
        ],
        "content_type": [
            "home",
            "batting"
        ],
        "object_id": "5",
        "object_repr": "Phil Ferguson 2018-10-18 scored 33 runs",
        "action_flag": 2,
        "change_message": "[]"
    }
},
{
    "model": "admin.logentry",
    "pk": 84,
    "fields": {
        "action_time": "2021-03-04T19:06:22.168Z",
        "user": [
            "joel0"
        ],
        "content_type": [
            "home",
            "batting"
        ],
        "object_id": "7",
        "object_repr": "Gareth Rogers 2018-10-18 scored 5 runs",
        "action_flag": 1,
        "change_message": "[{\"added\": {}}]"
    }
},
{
    "model": "admin.logentry",
    "pk": 85,
    "fields": {
        "action_time": "2021-03-04T19:06:29.800Z",
        "user": [
            "joel0"
        ],
        "content_type": [
            "home",
            "batting"
        ],
        "object_id": "5",
        "object_repr": "Phil Ferguson 2018-10-18 scored 33 runs",
        "action_flag": 2,
        "change_message": "[{\"changed\": {\"fields\": [\"Out by\"]}}]"
    }
},
{
    "model": "admin.logentry",
    "pk": 86,
    "fields": {
        "action_time": "2021-03-04T19:06:37.995Z",
        "user": [
            "joel0"
        ],
        "content_type": [
            "home",
            "batting"
        ],
        "object_id": "4",
        "object_repr": "Adam Lawther 2018-10-18 scored 25 runs",
        "action_flag": 2,
        "change_message": "[{\"changed\": {\"fields\": [\"Mode of dismissal\", \"Out by\"]}}]"
    }
},
{
    "model": "admin.logentry",
    "pk": 87,
    "fields": {
        "action_time": "2021-03-04T19:06:56.304Z",
        "user": [
            "joel0"
        ],
        "content_type": [
            "home",
            "batting"
        ],
        "object_id": "8",
        "object_repr": "Arafat Khan 2018-10-18 scored 17 runs",
        "action_flag": 1,
        "change_message": "[{\"added\": {}}]"
    }
},
{
    "model": "admin.logentry",
    "pk": 88,
    "fields": {
        "action_time": "2021-03-04T19:07:20.696Z",
        "user": [
            "joel0"
        ],
        "content_type": [
            "home",
            "batting"
        ],
        "object_id": "9",
        "object_repr": "Conn Crawford 2018-10-18 scored 12 runs",
        "action_flag": 1,
        "change_message": "[{\"added\": {}}]"
    }
},
{
    "model": "admin.logentry",
    "pk": 89,
    "fields": {
        "action_time": "2021-03-04T19:07:44.396Z",
        "user": [
            "joel0"
        ],
        "content_type": [
            "home",
            "batting"
        ],
        "object_id": "10",
        "object_repr": "Jonah Ditty 2018-10-18 scored 8 runs",
        "action_flag": 1,
        "change_message": "[{\"added\": {}}]"
    }
},
{
    "model": "admin.logentry",
    "pk": 90,
    "fields": {
        "action_time": "2021-03-04T19:08:08.164Z",
        "user": [
            "joel0"
        ],
        "content_type": [
            "home",
            "batting"
        ],
        "object_id": "11",
        "object_repr": "Dominic Allen 2018-10-18 scored 0 runs",
        "action_flag": 1,
        "change_message": "[{\"added\": {}}]"
    }
},
{
    "model": "admin.logentry",
    "pk": 91,
    "fields": {
        "action_time": "2021-03-04T19:08:25.633Z",
        "user": [
            "joel0"
        ],
        "content_type": [
            "home",
            "batting"
        ],
        "object_id": "12",
        "object_repr": "Rory McVeigh 2018-10-18 scored 10 runs",
        "action_flag": 1,
        "change_message": "[{\"added\": {}}]"
    }
},
{
    "model": "admin.logentry",
    "pk": 92,
    "fields": {
        "action_time": "2021-03-04T19:08:45.347Z",
        "user": [
            "joel0"
        ],
        "content_type": [
            "home",
            "batting"
        ],
        "object_id": "13",
        "object_repr": "Noah Greenauld 2018-10-18 scored 15 runs",
        "action_flag": 1,
        "change_message": "[{\"added\": {}}]"
    }
},
{
    "model": "admin.logentry",
    "pk": 93,
    "fields": {
        "action_time": "2021-03-04T19:09:07.144Z",
        "user": [
            "joel0"
        ],
        "content_type": [
            "home",
            "batting"
        ],
        "object_id": "14",
        "object_repr": "Jonathan Alexander 2018-10-18 scored 15 runs",
        "action_flag": 1,
        "change_message": "[{\"added\": {}}]"
    }
},
{
    "model": "admin.logentry",
    "pk": 94,
    "fields": {
        "action_time": "2021-03-04T19:09:21.089Z",
        "user": [
            "joel0"
        ],
        "content_type": [
            "home",
            "batting"
        ],
        "object_id": "14",
        "object_repr": "Jonathan Alexander 2018-10-18 scored 0 runs",
        "action_flag": 2,
        "change_message": "[{\"changed\": {\"fields\": [\"Runs\", \"Mode of dismissal\"]}}]"
    }
},
{
    "model": "admin.logentry",
    "pk": 95,
    "fields": {
        "action_time": "2021-03-04T19:09:31.614Z",
        "user": [
            "joel0"
        ],
        "content_type": [
            "home",
            "batting"
        ],
        "object_id": "13",
        "object_repr": "Noah Greenauld 2018-10-18 scored 15 runs",
        "action_flag": 2,
        "change_message": "[{\"changed\": {\"fields\": [\"Mode of dismissal\"]}}]"
    }
},
{
    "model": "admin.logentry",
    "pk": 96,
    "fields": {
        "action_time": "2021-03-04T19:09:44.014Z",
        "user": [
            "joel0"
        ],
        "content_type": [
            "home",
            "match"
        ],
        "object_id": "2",
        "object_repr": "secondXI on 18 October 2018 Ards lost by 1 ",
        "action_flag": 2,
        "change_message": "[]"
    }
},
{
    "model": "admin.logentry",
    "pk": 97,
    "fields": {
        "action_time": "2021-03-04T19:25:47.482Z",
        "user": [
            "joel0"
        ],
        "content_type": [
            "home",
            "extras"
        ],
        "object_id": "1",
        "object_repr": "10w, 4b, 0lb, 0nb",
        "action_flag": 1,
        "change_message": "[{\"added\": {}}]"
    }
},
{
    "model": "admin.logentry",
    "pk": 98,
    "fields": {
        "action_time": "2021-03-04T19:25:57.127Z",
        "user": [
            "joel0"
        ],
        "content_type": [
            "home",
            "extras"
        ],
        "object_id": "2",
        "object_repr": "5w, Noneb, Nonelb, Nonenb",
        "action_flag": 1,
        "change_message": "[{\"added\": {}}]"
    }
},
{
    "model": "admin.logentry",
    "pk": 99,
    "fields": {
        "action_time": "2021-03-04T19:26:05.294Z",
        "user": [
            "joel0"
        ],
        "content_type": [
            "home",
            "extras"
        ],
        "object_id": "2",
        "object_repr": "5w, 0b, 0lb, 0nb",
        "action_flag": 2,
        "change_message": "[{\"changed\": {\"fields\": [\"No balls\", \"Byes\", \"Leg byes\"]}}]"
    }
},
{
    "model": "admin.logentry",
    "pk": 100,
    "fields": {
        "action_time": "2021-03-04T19:30:12.391Z",
        "user": [
            "joel0"
        ],
        "content_type": [
            "home",
            "extras"
        ],
        "object_id": "2",
        "object_repr": "5w, 0b, 0lb, 0nb",
        "action_flag": 2,
        "change_message": "[{\"changed\": {\"fields\": [\"Ards\"]}}]"
    }
},
{
    "model": "admin.logentry",
    "pk": 101,
    "fields": {
        "action_time": "2021-03-04T19:30:17.007Z",
        "user": [
            "joel0"
        ],
        "content_type": [
            "home",
            "extras"
        ],
        "object_id": "1",
        "object_repr": "10w, 4b, 0lb, 0nb",
        "action_flag": 2,
        "change_message": "[{\"changed\": {\"fields\": [\"Ards\"]}}]"
    }
},
{
    "model": "admin.logentry",
    "pk": 102,
    "fields": {
        "action_time": "2021-03-05T14:20:14.586Z",
        "user": [
            "joel0"
        ],
        "content_type": [
            "home",
            "club"
        ],
        "object_id": "6",
        "object_repr": "Dundrum",
        "action_flag": 1,
        "change_message": "[{\"added\": {}}]"
    }
},
{
    "model": "admin.logentry",
    "pk": 103,
    "fields": {
        "action_time": "2021-03-05T14:21:19.233Z",
        "user": [
            "joel0"
        ],
        "content_type": [
            "home",
            "match"
        ],
        "object_id": "3",
        "object_repr": "secondXI on 18 October 2019 Ards won by 2",
        "action_flag": 1,
        "change_message": "[{\"added\": {}}]"
    }
},
{
    "model": "admin.logentry",
    "pk": 104,
    "fields": {
        "action_time": "2021-03-05T14:23:05.929Z",
        "user": [
            "joel0"
        ],
        "content_type": [
            "home",
            "club"
        ],
        "object_id": "6",
        "object_repr": "Dundrum",
        "action_flag": 2,
        "change_message": "[{\"changed\": {\"fields\": [\"Badge\"]}}]"
    }
},
{
    "model": "admin.logentry",
    "pk": 105,
    "fields": {
        "action_time": "2021-03-05T14:25:18.570Z",
        "user": [
            "joel0"
        ],
        "content_type": [
            "home",
            "club"
        ],
        "object_id": "6",
        "object_repr": "Dundrum",
        "action_flag": 2,
        "change_message": "[{\"changed\": {\"fields\": [\"Badge\"]}}]"
    }
},
{
    "model": "admin.logentry",
    "pk": 106,
    "fields": {
        "action_time": "2021-03-05T14:37:20.277Z",
        "user": [
            "joel0"
        ],
        "content_type": [
            "home",
            "match"
        ],
        "object_id": "4",
        "object_repr": "firstXI on 18 October 2019 Ards won by 42 against Dundrum",
        "action_flag": 1,
        "change_message": "[{\"added\": {}}]"
    }
},
{
    "model": "admin.logentry",
    "pk": 107,
    "fields": {
        "action_time": "2021-03-05T14:38:38.703Z",
        "user": [
            "joel0"
        ],
        "content_type": [
            "home",
            "extras"
        ],
        "object_id": "2",
        "object_repr": "5w, 0b, 0lb, 0nb",
        "action_flag": 2,
        "change_message": "[]"
    }
},
{
    "model": "admin.logentry",
    "pk": 108,
    "fields": {
        "action_time": "2021-03-05T14:38:47.301Z",
        "user": [
            "joel0"
        ],
        "content_type": [
            "home",
            "extras"
        ],
        "object_id": "1",
        "object_repr": "10w, 4b, 0lb, 0nb",
        "action_flag": 2,
        "change_message": "[]"
    }
},
{
    "model": "admin.logentry",
    "pk": 109,
    "fields": {
        "action_time": "2021-03-05T15:05:34.901Z",
        "user": [
            "joel0"
        ],
        "content_type": [
            "home",
            "batting"
        ],
        "object_id": "13",
        "object_repr": "Noah Greenauld 2018-10-18 scored 15 runs",
        "action_flag": 2,
        "change_message": "[]"
    }
},
{
    "model": "admin.logentry",
    "pk": 110,
    "fields": {
        "action_time": "2021-03-05T15:30:34.478Z",
        "user": [
            "joel0"
        ],
        "content_type": [
            "home",
            "bowling"
        ],
        "object_id": "3",
        "object_repr": "Joel Ferguson 2018-10-18, figures of 4-4-2",
        "action_flag": 1,
        "change_message": "[{\"added\": {}}]"
    }
},
{
    "model": "admin.logentry",
    "pk": 111,
    "fields": {
        "action_time": "2021-03-05T15:31:01.619Z",
        "user": [
            "joel0"
        ],
        "content_type": [
            "home",
            "bowling"
        ],
        "object_id": "4",
        "object_repr": "Conn Crawford 2018-10-18, figures of 3-6-1",
        "action_flag": 1,
        "change_message": "[{\"added\": {}}]"
    }
},
{
    "model": "admin.logentry",
    "pk": 112,
    "fields": {
        "action_time": "2021-03-05T15:41:00.688Z",
        "user": [
            "joel0"
        ],
        "content_type": [
            "home",
            "bowling"
        ],
        "object_id": "5",
        "object_repr": "Arafat Khan 2018-10-18, figures of 5-18-3",
        "action_flag": 1,
        "change_message": "[{\"added\": {}}]"
    }
},
{
    "model": "admin.logentry",
    "pk": 113,
    "fields": {
        "action_time": "2021-03-05T15:41:21.703Z",
        "user": [
            "joel0"
        ],
        "content_type": [
            "home",
            "bowling"
        ],
        "object_id": "2",
        "object_repr": "Gareth Rogers 2018-10-18, figures of 3-5-3",
        "action_flag": 2,
        "change_message": "[{\"changed\": {\"fields\": [\"Bowler number\", \"Match\"]}}]"
    }
},
{
    "model": "admin.logentry",
    "pk": 114,
    "fields": {
        "action_time": "2021-03-05T16:07:27.857Z",
        "user": [
            "joel0"
        ],
        "content_type": [
            "home",
            "bowling"
        ],
        "object_id": "2",
        "object_repr": "Gareth Rogers 2018-10-18, figures of 3-5-3",
        "action_flag": 2,
        "change_message": "[{\"changed\": {\"fields\": [\"Maidens\"]}}]"
    }
},
{
    "model": "admin.logentry",
    "pk": 115,
    "fields": {
        "action_time": "2021-03-05T16:07:33.626Z",
        "user": [
            "joel0"
        ],
        "content_type": [
            "home",
            "bowling"
        ],
        "object_id": "3",
        "object_repr": "Joel Ferguson 2018-10-18, figures of 4-4-2",
        "action_flag": 2,
        "change_message": "[{\"changed\": {\"fields\": [\"Maidens\"]}}]"
    }
},
{
    "model": "admin.logentry",
    "pk": 116,
    "fields": {
        "action_time": "2021-03-05T16:07:42.611Z",
        "user": [
            "joel0"
        ],
        "content_type": [
            "home",
            "bowling"
        ],
        "object_id": "4",
        "object_repr": "Conn Crawford 2018-10-18, figures of 3-6-1",
        "action_flag": 2,
        "change_message": "[{\"changed\": {\"fields\": [\"Maidens\"]}}]"
    }
},
{
    "model": "admin.logentry",
    "pk": 117,
    "fields": {
        "action_time": "2021-03-05T16:07:49.003Z",
        "user": [
            "joel0"
        ],
        "content_type": [
            "home",
            "bowling"
        ],
        "object_id": "5",
        "object_repr": "Arafat Khan 2018-10-18, figures of 5-18-3",
        "action_flag": 2,
        "change_message": "[]"
    }
},
{
    "model": "admin.logentry",
    "pk": 118,
    "fields": {
        "action_time": "2021-03-05T16:18:46.449Z",
        "user": [
            "joel0"
        ],
        "content_type": [
            "home",
            "match"
        ],
        "object_id": "2",
        "object_repr": "secondXI on 18 October 2018 Ards lost by 1 against Donaghadee",
        "action_flag": 2,
        "change_message": "[{\"changed\": {\"fields\": [\"Report\"]}}]"
    }
},
{
    "model": "admin.logentry",
    "pk": 119,
    "fields": {
        "action_time": "2021-03-05T16:19:00.122Z",
        "user": [
            "joel0"
        ],
        "content_type": [
            "home",
            "match"
        ],
        "object_id": "2",
        "object_repr": "secondXI on 18 October 2018 Ards lost by 1 against Donaghadee",
        "action_flag": 2,
        "change_message": "[{\"changed\": {\"fields\": [\"Report\"]}}]"
    }
},
{
    "model": "admin.logentry",
    "pk": 120,
    "fields": {
        "action_time": "2021-03-05T16:19:15.538Z",
        "user": [
            "joel0"
        ],
        "content_type": [
            "home",
            "match"
        ],
        "object_id": "2",
        "object_repr": "secondXI on 18 October 2018 Ards lost by 1 against Donaghadee",
        "action_flag": 2,
        "change_message": "[{\"changed\": {\"fields\": [\"Report\"]}}]"
    }
},
{
    "model": "admin.logentry",
    "pk": 121,
    "fields": {
        "action_time": "2021-03-05T16:20:00.018Z",
        "user": [
            "joel0"
        ],
        "content_type": [
            "home",
            "match"
        ],
        "object_id": "2",
        "object_repr": "secondXI on 18 October 2018 Ards lost by 1 against Donaghadee",
        "action_flag": 2,
        "change_message": "[{\"changed\": {\"fields\": [\"Report\"]}}]"
    }
},
{
    "model": "admin.logentry",
    "pk": 122,
    "fields": {
        "action_time": "2021-03-05T16:21:02.952Z",
        "user": [
            "joel0"
        ],
        "content_type": [
            "home",
            "match"
        ],
        "object_id": "2",
        "object_repr": "secondXI on 18 October 2018 Ards lost by 1 against Donaghadee",
        "action_flag": 2,
        "change_message": "[{\"changed\": {\"fields\": [\"Report\"]}}]"
    }
},
{
    "model": "admin.logentry",
    "pk": 123,
    "fields": {
        "action_time": "2021-03-05T16:25:08.372Z",
        "user": [
            "joel0"
        ],
        "content_type": [
            "home",
            "match"
        ],
        "object_id": "2",
        "object_repr": "secondXI on 18 October 2018 Ards lost by 1 against Donaghadee",
        "action_flag": 2,
        "change_message": "[]"
    }
},
{
    "model": "admin.logentry",
    "pk": 124,
    "fields": {
        "action_time": "2021-03-05T16:28:33.165Z",
        "user": [
            "joel0"
        ],
        "content_type": [
            "home",
            "batting"
        ],
        "object_id": "14",
        "object_repr": "Jonathan Alexander 2018-10-18 scored 0 runs",
        "action_flag": 2,
        "change_message": "[{\"changed\": {\"fields\": [\"Ards\"]}}]"
    }
},
{
    "model": "admin.logentry",
    "pk": 125,
    "fields": {
        "action_time": "2021-03-05T16:28:38.797Z",
        "user": [
            "joel0"
        ],
        "content_type": [
            "home",
            "batting"
        ],
        "object_id": "13",
        "object_repr": "Noah Greenauld 2018-10-18 scored 15 runs",
        "action_flag": 2,
        "change_message": "[{\"changed\": {\"fields\": [\"Ards\"]}}]"
    }
},
{
    "model": "admin.logentry",
    "pk": 126,
    "fields": {
        "action_time": "2021-03-05T16:28:46.555Z",
        "user": [
            "joel0"
        ],
        "content_type": [
            "home",
            "batting"
        ],
        "object_id": "12",
        "object_repr": "Rory McVeigh 2018-10-18 scored 10 runs",
        "action_flag": 2,
        "change_message": "[{\"changed\": {\"fields\": [\"Ards\"]}}]"
    }
},
{
    "model": "admin.logentry",
    "pk": 127,
    "fields": {
        "action_time": "2021-03-05T16:28:53.657Z",
        "user": [
            "joel0"
        ],
        "content_type": [
            "home",
            "batting"
        ],
        "object_id": "11",
        "object_repr": "Dominic Allen 2018-10-18 scored 0 runs",
        "action_flag": 2,
        "change_message": "[{\"changed\": {\"fields\": [\"Ards\"]}}]"
    }
},
{
    "model": "admin.logentry",
    "pk": 128,
    "fields": {
        "action_time": "2021-03-05T16:29:05.358Z",
        "user": [
            "joel0"
        ],
        "content_type": [
            "home",
            "batting"
        ],
        "object_id": "10",
        "object_repr": "Jonah Ditty 2018-10-18 scored 8 runs",
        "action_flag": 2,
        "change_message": "[{\"changed\": {\"fields\": [\"Ards\"]}}]"
    }
},
{
    "model": "admin.logentry",
    "pk": 129,
    "fields": {
        "action_time": "2021-03-05T16:29:11.218Z",
        "user": [
            "joel0"
        ],
        "content_type": [
            "home",
            "batting"
        ],
        "object_id": "9",
        "object_repr": "Conn Crawford 2018-10-18 scored 12 runs",
        "action_flag": 2,
        "change_message": "[{\"changed\": {\"fields\": [\"Ards\"]}}]"
    }
},
{
    "model": "admin.logentry",
    "pk": 130,
    "fields": {
        "action_time": "2021-03-05T16:29:16.979Z",
        "user": [
            "joel0"
        ],
        "content_type": [
            "home",
            "batting"
        ],
        "object_id": "8",
        "object_repr": "Arafat Khan 2018-10-18 scored 17 runs",
        "action_flag": 2,
        "change_message": "[{\"changed\": {\"fields\": [\"Ards\"]}}]"
    }
},
{
    "model": "admin.logentry",
    "pk": 131,
    "fields": {
        "action_time": "2021-03-05T16:29:23.665Z",
        "user": [
            "joel0"
        ],
        "content_type": [
            "home",
            "batting"
        ],
        "object_id": "7",
        "object_repr": "Gareth Rogers 2018-10-18 scored 5 runs",
        "action_flag": 2,
        "change_message": "[{\"changed\": {\"fields\": [\"Ards\"]}}]"
    }
},
{
    "model": "admin.logentry",
    "pk": 132,
    "fields": {
        "action_time": "2021-03-05T16:29:30.096Z",
        "user": [
            "joel0"
        ],
        "content_type": [
            "home",
            "batting"
        ],
        "object_id": "6",
        "object_repr": "Joel Ferguson 2018-10-18 scored 65 runs",
        "action_flag": 2,
        "change_message": "[{\"changed\": {\"fields\": [\"Ards\"]}}]"
    }
},
{
    "model": "admin.logentry",
    "pk": 133,
    "fields": {
        "action_time": "2021-03-05T16:29:40.417Z",
        "user": [
            "joel0"
        ],
        "content_type": [
            "home",
            "batting"
        ],
        "object_id": "5",
        "object_repr": "Phil Ferguson 2018-10-18 scored 33 runs",
        "action_flag": 2,
        "change_message": "[{\"changed\": {\"fields\": [\"Ards\"]}}]"
    }
},
{
    "model": "admin.logentry",
    "pk": 134,
    "fields": {
        "action_time": "2021-03-05T16:29:47.210Z",
        "user": [
            "joel0"
        ],
        "content_type": [
            "home",
            "batting"
        ],
        "object_id": "4",
        "object_repr": "Adam Lawther 2018-10-18 scored 25 runs",
        "action_flag": 2,
        "change_message": "[{\"changed\": {\"fields\": [\"Ards\"]}}]"
    }
},
{
    "model": "admin.logentry",
    "pk": 135,
    "fields": {
        "action_time": "2021-03-05T16:29:53.878Z",
        "user": [
            "joel0"
        ],
        "content_type": [
            "home",
            "batting"
        ],
        "object_id": "3",
        "object_repr": "Gareth Rogers 2020-11-30 scored 23 runs",
        "action_flag": 2,
        "change_message": "[{\"changed\": {\"fields\": [\"Ards\"]}}]"
    }
},
{
    "model": "admin.logentry",
    "pk": 136,
    "fields": {
        "action_time": "2021-03-05T16:29:59.617Z",
        "user": [
            "joel0"
        ],
        "content_type": [
            "home",
            "batting"
        ],
        "object_id": "2",
        "object_repr": "Joel Ferguson 2020-11-30 scored 20 runs",
        "action_flag": 2,
        "change_message": "[{\"changed\": {\"fields\": [\"Ards\"]}}]"
    }
},
{
    "model": "admin.logentry",
    "pk": 137,
    "fields": {
        "action_time": "2021-03-05T16:34:24.134Z",
        "user": [
            "joel0"
        ],
        "content_type": [
            "home",
            "bowling"
        ],
        "object_id": "5",
        "object_repr": "Arafat Khan 2018-10-18, figures of 5-18-3",
        "action_flag": 2,
        "change_message": "[{\"changed\": {\"fields\": [\"Ards\"]}}]"
    }
},
{
    "model": "admin.logentry",
    "pk": 138,
    "fields": {
        "action_time": "2021-03-05T16:34:29.164Z",
        "user": [
            "joel0"
        ],
        "content_type": [
            "home",
            "bowling"
        ],
        "object_id": "4",
        "object_repr": "Conn Crawford 2018-10-18, figures of 3-6-1",
        "action_flag": 2,
        "change_message": "[{\"changed\": {\"fields\": [\"Ards\"]}}]"
    }
},
{
    "model": "admin.logentry",
    "pk": 139,
    "fields": {
        "action_time": "2021-03-05T16:34:34.432Z",
        "user": [
            "joel0"
        ],
        "content_type": [
            "home",
            "bowling"
        ],
        "object_id": "3",
        "object_repr": "Joel Ferguson 2018-10-18, figures of 4-4-2",
        "action_flag": 2,
        "change_message": "[{\"changed\": {\"fields\": [\"Ards\"]}}]"
    }
},
{
    "model": "admin.logentry",
    "pk": 140,
    "fields": {
        "action_time": "2021-03-05T16:34:43.228Z",
        "user": [
            "joel0"
        ],
        "content_type": [
            "home",
            "bowling"
        ],
        "object_id": "2",
        "object_repr": "Gareth Rogers 2018-10-18, figures of 3-5-3",
        "action_flag": 2,
        "change_message": "[{\"changed\": {\"fields\": [\"Ards\"]}}]"
    }
},
{
    "model": "admin.logentry",
    "pk": 141,
    "fields": {
        "action_time": "2021-03-05T16:34:47.525Z",
        "user": [
            "joel0"
        ],
        "content_type": [
            "home",
            "bowling"
        ],
        "object_id": "1",
        "object_repr": "Joel Ferguson 2020-11-30, figures of 1-2-2",
        "action_flag": 2,
        "change_message": "[{\"changed\": {\"fields\": [\"Ards\"]}}]"
    }
},
{
    "model": "admin.logentry",
    "pk": 142,
    "fields": {
        "action_time": "2021-03-05T16:48:40.064Z",
        "user": [
            "joel0"
        ],
        "content_type": [
            "home",
            "batting"
        ],
        "object_id": "15",
        "object_repr": "Gareth Rogers 2018-10-18 scored 0 runs",
        "action_flag": 1,
        "change_message": "[{\"added\": {}}]"
    }
},
{
    "model": "admin.logentry",
    "pk": 143,
    "fields": {
        "action_time": "2021-03-05T17:27:00.401Z",
        "user": [
            "joel0"
        ],
        "content_type": [
            "home",
            "batting"
        ],
        "object_id": "15",
        "object_repr": "Gareth Rogers 2018-10-18 scored 0 runs",
        "action_flag": 2,
        "change_message": "[{\"changed\": {\"fields\": [\"Out by\"]}}]"
    }
},
{
    "model": "admin.logentry",
    "pk": 144,
    "fields": {
        "action_time": "2021-03-05T17:27:10.340Z",
        "user": [
            "joel0"
        ],
        "content_type": [
            "home",
            "batting"
        ],
        "object_id": "13",
        "object_repr": "Noah Greenauld 2018-10-18 scored 15 runs",
        "action_flag": 2,
        "change_message": "[{\"changed\": {\"fields\": [\"Out by\"]}}]"
    }
},
{
    "model": "admin.logentry",
    "pk": 145,
    "fields": {
        "action_time": "2021-03-05T17:27:20.413Z",
        "user": [
            "joel0"
        ],
        "content_type": [
            "home",
            "batting"
        ],
        "object_id": "12",
        "object_repr": "Rory McVeigh 2018-10-18 scored 10 runs",
        "action_flag": 2,
        "change_message": "[{\"changed\": {\"fields\": [\"Out by\"]}}]"
    }
},
{
    "model": "admin.logentry",
    "pk": 146,
    "fields": {
        "action_time": "2021-03-05T17:27:26.101Z",
        "user": [
            "joel0"
        ],
        "content_type": [
            "home",
            "batting"
        ],
        "object_id": "11",
        "object_repr": "Dominic Allen 2018-10-18 scored 0 runs",
        "action_flag": 2,
        "change_message": "[{\"changed\": {\"fields\": [\"Out by\"]}}]"
    }
},
{
    "model": "admin.logentry",
    "pk": 147,
    "fields": {
        "action_time": "2021-03-05T17:27:32.981Z",
        "user": [
            "joel0"
        ],
        "content_type": [
            "home",
            "batting"
        ],
        "object_id": "10",
        "object_repr": "Jonah Ditty 2018-10-18 scored 8 runs",
        "action_flag": 2,
        "change_message": "[{\"changed\": {\"fields\": [\"Out by\"]}}]"
    }
},
{
    "model": "admin.logentry",
    "pk": 148,
    "fields": {
        "action_time": "2021-03-05T17:27:39.890Z",
        "user": [
            "joel0"
        ],
        "content_type": [
            "home",
            "batting"
        ],
        "object_id": "9",
        "object_repr": "Conn Crawford 2018-10-18 scored 12 runs",
        "action_flag": 2,
        "change_message": "[{\"changed\": {\"fields\": [\"Out by\"]}}]"
    }
},
{
    "model": "admin.logentry",
    "pk": 149,
    "fields": {
        "action_time": "2021-03-05T17:27:50.484Z",
        "user": [
            "joel0"
        ],
        "content_type": [
            "home",
            "batting"
        ],
        "object_id": "7",
        "object_repr": "Gareth Rogers 2018-10-18 scored 5 runs",
        "action_flag": 2,
        "change_message": "[]"
    }
},
{
    "model": "admin.logentry",
    "pk": 150,
    "fields": {
        "action_time": "2021-03-05T17:27:55.723Z",
        "user": [
            "joel0"
        ],
        "content_type": [
            "home",
            "oppositionnames"
        ],
        "object_id": "1",
        "object_repr": "Alison Wonderland",
        "action_flag": 1,
        "change_message": "[{\"added\": {}}]"
    }
},
{
    "model": "admin.logentry",
    "pk": 151,
    "fields": {
        "action_time": "2021-03-05T17:29:43.805Z",
        "user": [
            "joel0"
        ],
        "content_type": [
            "home",
            "batting"
        ],
        "object_id": "2",
        "object_repr": "Joel Ferguson 2020-11-30 scored 20 runs",
        "action_flag": 2,
        "change_message": "[{\"changed\": {\"fields\": [\"Out by\"]}}]"
    }
},
{
    "model": "admin.logentry",
    "pk": 152,
    "fields": {
        "action_time": "2021-03-05T17:29:49.091Z",
        "user": [
            "joel0"
        ],
        "content_type": [
            "home",
            "batting"
        ],
        "object_id": "4",
        "object_repr": "Adam Lawther 2018-10-18 scored 25 runs",
        "action_flag": 2,
        "change_message": "[{\"changed\": {\"fields\": [\"Out by\"]}}]"
    }
},
{
    "model": "admin.logentry",
    "pk": 153,
    "fields": {
        "action_time": "2021-03-05T17:29:54.250Z",
        "user": [
            "joel0"
        ],
        "content_type": [
            "home",
            "batting"
        ],
        "object_id": "5",
        "object_repr": "Phil Ferguson 2018-10-18 scored 33 runs",
        "action_flag": 2,
        "change_message": "[{\"changed\": {\"fields\": [\"Out by\"]}}]"
    }
},
{
    "model": "admin.logentry",
    "pk": 154,
    "fields": {
        "action_time": "2021-03-05T17:30:08.109Z",
        "user": [
            "joel0"
        ],
        "content_type": [
            "home",
            "batting"
        ],
        "object_id": "7",
        "object_repr": "Gareth Rogers 2018-10-18 scored 5 runs",
        "action_flag": 2,
        "change_message": "[{\"changed\": {\"fields\": [\"Out by\"]}}]"
    }
},
{
    "model": "admin.logentry",
    "pk": 155,
    "fields": {
        "action_time": "2021-03-05T17:30:14.690Z",
        "user": [
            "joel0"
        ],
        "content_type": [
            "home",
            "batting"
        ],
        "object_id": "8",
        "object_repr": "Arafat Khan 2018-10-18 scored 17 runs",
        "action_flag": 2,
        "change_message": "[{\"changed\": {\"fields\": [\"Out by\"]}}]"
    }
},
{
    "model": "admin.logentry",
    "pk": 156,
    "fields": {
        "action_time": "2021-03-05T17:34:51.931Z",
        "user": [
            "joel0"
        ],
        "content_type": [
            "home",
            "batting"
        ],
        "object_id": "15",
        "object_repr": "Gareth Rogers 2018-10-18 scored 0 runs",
        "action_flag": 2,
        "change_message": "[{\"changed\": {\"fields\": [\"Out by\"]}}]"
    }
},
{
    "model": "admin.logentry",
    "pk": 157,
    "fields": {
        "action_time": "2021-03-05T17:34:58.483Z",
        "user": [
            "joel0"
        ],
        "content_type": [
            "home",
            "batting"
        ],
        "object_id": "14",
        "object_repr": "Jonathan Alexander 2018-10-18 scored 0 runs",
        "action_flag": 2,
        "change_message": "[]"
    }
},
{
    "model": "admin.logentry",
    "pk": 158,
    "fields": {
        "action_time": "2021-03-05T17:35:05.990Z",
        "user": [
            "joel0"
        ],
        "content_type": [
            "home",
            "batting"
        ],
        "object_id": "13",
        "object_repr": "Noah Greenauld 2018-10-18 scored 15 runs",
        "action_flag": 2,
        "change_message": "[]"
    }
},
{
    "model": "admin.logentry",
    "pk": 159,
    "fields": {
        "action_time": "2021-03-05T17:35:11.655Z",
        "user": [
            "joel0"
        ],
        "content_type": [
            "home",
            "batting"
        ],
        "object_id": "12",
        "object_repr": "Rory McVeigh 2018-10-18 scored 10 runs",
        "action_flag": 2,
        "change_message": "[{\"changed\": {\"fields\": [\"Out by\"]}}]"
    }
},
{
    "model": "admin.logentry",
    "pk": 160,
    "fields": {
        "action_time": "2021-03-05T17:35:19.023Z",
        "user": [
            "joel0"
        ],
        "content_type": [
            "home",
            "batting"
        ],
        "object_id": "11",
        "object_repr": "Dominic Allen 2018-10-18 scored 0 runs",
        "action_flag": 2,
        "change_message": "[{\"changed\": {\"fields\": [\"Out by\"]}}]"
    }
},
{
    "model": "admin.logentry",
    "pk": 161,
    "fields": {
        "action_time": "2021-03-05T17:35:25.205Z",
        "user": [
            "joel0"
        ],
        "content_type": [
            "home",
            "batting"
        ],
        "object_id": "10",
        "object_repr": "Jonah Ditty 2018-10-18 scored 8 runs",
        "action_flag": 2,
        "change_message": "[{\"changed\": {\"fields\": [\"Out by\"]}}]"
    }
},
{
    "model": "admin.logentry",
    "pk": 162,
    "fields": {
        "action_time": "2021-03-05T17:35:31.576Z",
        "user": [
            "joel0"
        ],
        "content_type": [
            "home",
            "batting"
        ],
        "object_id": "9",
        "object_repr": "Conn Crawford 2018-10-18 scored 12 runs",
        "action_flag": 2,
        "change_message": "[{\"changed\": {\"fields\": [\"Out by\"]}}]"
    }
},
{
    "model": "admin.logentry",
    "pk": 163,
    "fields": {
        "action_time": "2021-03-05T17:35:37.959Z",
        "user": [
            "joel0"
        ],
        "content_type": [
            "home",
            "batting"
        ],
        "object_id": "8",
        "object_repr": "Arafat Khan 2018-10-18 scored 17 runs",
        "action_flag": 2,
        "change_message": "[{\"changed\": {\"fields\": [\"Out by\"]}}]"
    }
},
{
    "model": "admin.logentry",
    "pk": 164,
    "fields": {
        "action_time": "2021-03-05T17:35:49.163Z",
        "user": [
            "joel0"
        ],
        "content_type": [
            "home",
            "oppositionnames"
        ],
        "object_id": "2",
        "object_repr": "Jamie Oliver",
        "action_flag": 1,
        "change_message": "[{\"added\": {}}]"
    }
},
{
    "model": "admin.logentry",
    "pk": 165,
    "fields": {
        "action_time": "2021-03-05T17:35:50.880Z",
        "user": [
            "joel0"
        ],
        "content_type": [
            "home",
            "batting"
        ],
        "object_id": "7",
        "object_repr": "Gareth Rogers 2018-10-18 scored 5 runs",
        "action_flag": 2,
        "change_message": "[{\"changed\": {\"fields\": [\"Out by\"]}}]"
    }
},
{
    "model": "admin.logentry",
    "pk": 166,
    "fields": {
        "action_time": "2021-03-05T17:36:04.040Z",
        "user": [
            "joel0"
        ],
        "content_type": [
            "home",
            "batting"
        ],
        "object_id": "5",
        "object_repr": "Phil Ferguson 2018-10-18 scored 33 runs",
        "action_flag": 2,
        "change_message": "[{\"changed\": {\"fields\": [\"Out by\"]}}]"
    }
},
{
    "model": "admin.logentry",
    "pk": 167,
    "fields": {
        "action_time": "2021-03-05T17:36:10.939Z",
        "user": [
            "joel0"
        ],
        "content_type": [
            "home",
            "batting"
        ],
        "object_id": "4",
        "object_repr": "Adam Lawther 2018-10-18 scored 25 runs",
        "action_flag": 2,
        "change_message": "[{\"changed\": {\"fields\": [\"Out by\"]}}]"
    }
},
{
    "model": "admin.logentry",
    "pk": 168,
    "fields": {
        "action_time": "2021-03-05T17:39:29.685Z",
        "user": [
            "joel0"
        ],
        "content_type": [
            "home",
            "batting"
        ],
        "object_id": "15",
        "object_repr": "Gareth Rogers 2018-10-18 scored 0 runs",
        "action_flag": 2,
        "change_message": "[]"
    }
},
{
    "model": "admin.logentry",
    "pk": 169,
    "fields": {
        "action_time": "2021-03-05T17:45:43.544Z",
        "user": [
            "joel0"
        ],
        "content_type": [
            "home",
            "batting"
        ],
        "object_id": "15",
        "object_repr": "Gareth Rogers 2018-10-18 scored 0 runs",
        "action_flag": 3,
        "change_message": ""
    }
},
{
    "model": "admin.logentry",
    "pk": 170,
    "fields": {
        "action_time": "2021-03-05T17:49:46.131Z",
        "user": [
            "joel0"
        ],
        "content_type": [
            "home",
            "battingopponents"
        ],
        "object_id": "1",
        "object_repr": "Jamie Oliver 2018-10-18 scored 10 runs",
        "action_flag": 1,
        "change_message": "[{\"added\": {}}]"
    }
},
{
    "model": "admin.logentry",
    "pk": 171,
    "fields": {
        "action_time": "2021-03-05T17:50:04.607Z",
        "user": [
            "joel0"
        ],
        "content_type": [
            "home",
            "battingopponents"
        ],
        "object_id": "2",
        "object_repr": "Alison Wonderland 2018-10-18 scored 19 runs",
        "action_flag": 1,
        "change_message": "[{\"added\": {}}]"
    }
},
{
    "model": "admin.logentry",
    "pk": 172,
    "fields": {
        "action_time": "2021-03-05T17:50:33.027Z",
        "user": [
            "joel0"
        ],
        "content_type": [
            "home",
            "bowlingopponents"
        ],
        "object_id": "1",
        "object_repr": "Alison Wonderland 2018-10-18, figures of 5-30-6",
        "action_flag": 1,
        "change_message": "[{\"added\": {}}]"
    }
},
{
    "model": "admin.logentry",
    "pk": 173,
    "fields": {
        "action_time": "2021-03-05T17:50:53.971Z",
        "user": [
            "joel0"
        ],
        "content_type": [
            "home",
            "bowlingopponents"
        ],
        "object_id": "2",
        "object_repr": "Jamie Oliver 2018-10-18, figures of 3-15-2",
        "action_flag": 1,
        "change_message": "[{\"added\": {}}]"
    }
},
{
    "model": "admin.logentry",
    "pk": 174,
    "fields": {
        "action_time": "2021-03-29T14:48:33.903Z",
        "user": [
            "joel0"
        ],
        "content_type": [
            "home",
            "match"
        ],
        "object_id": "5",
        "object_repr": "secondXI on 29 March 2020 Ards won by 10 against Bangor",
        "action_flag": 1,
        "change_message": "[{\"added\": {}}]"
    }
},
{
    "model": "admin.logentry",
    "pk": 175,
    "fields": {
        "action_time": "2021-03-29T14:49:59.456Z",
        "user": [
            "joel0"
        ],
        "content_type": [
            "home",
            "match"
        ],
        "object_id": "3",
        "object_repr": "secondXI on 18 October 2019 Ards won by 2 against Dundrum",
        "action_flag": 2,
        "change_message": "[]"
    }
},
{
    "model": "admin.logentry",
    "pk": 176,
    "fields": {
        "action_time": "2021-03-29T15:29:34.096Z",
        "user": [
            "joel0"
        ],
        "content_type": [
            "home",
            "match"
        ],
        "object_id": "5",
        "object_repr": "secondXI on 29 March 2016 Ards won by 10 against Bangor",
        "action_flag": 2,
        "change_message": "[{\"changed\": {\"fields\": [\"Date\"]}}]"
    }
},
{
    "model": "admin.logentry",
    "pk": 177,
    "fields": {
        "action_time": "2021-03-31T10:32:48.244Z",
        "user": [
            "joel0"
        ],
        "content_type": [
            "home",
            "match"
        ],
        "object_id": "6",
        "object_repr": "firstXI on 30 November 2020 Ards won by 185 against Donaghcloney",
        "action_flag": 1,
        "change_message": "[{\"added\": {}}]"
    }
},
{
    "model": "admin.logentry",
    "pk": 178,
    "fields": {
        "action_time": "2021-03-31T14:48:10.638Z",
        "user": [
            "joel0"
        ],
        "content_type": [
            "home",
            "match"
        ],
        "object_id": "7",
        "object_repr": "secondXI on 30 November 2018 Ards won by 40 against Bangor",
        "action_flag": 1,
        "change_message": "[{\"added\": {}}]"
    }
},
{
    "model": "admin.logentry",
    "pk": 179,
    "fields": {
        "action_time": "2021-03-31T14:49:24.085Z",
        "user": [
            "joel0"
        ],
        "content_type": [
            "home",
            "match"
        ],
        "object_id": "8",
        "object_repr": "secondXI on 30 November 2019 Ards won by 2 against Bangor",
        "action_flag": 1,
        "change_message": "[{\"added\": {}}]"
    }
},
{
    "model": "admin.logentry",
    "pk": 180,
    "fields": {
        "action_time": "2021-03-31T15:09:42.588Z",
        "user": [
            "joel0"
        ],
        "content_type": [
            "home",
            "match"
        ],
        "object_id": "10",
        "object_repr": "secondXI on 13 July 2021 Match drawn against Bangor",
        "action_flag": 1,
        "change_message": "[{\"added\": {}}]"
    }
},
{
    "model": "admin.logentry",
    "pk": 181,
    "fields": {
        "action_time": "2021-03-31T15:09:58.675Z",
        "user": [
            "joel0"
        ],
        "content_type": [
            "home",
            "match"
        ],
        "object_id": "10",
        "object_repr": "secondXI on 13 July 2021 Match drawn against Bangor",
        "action_flag": 2,
        "change_message": "[{\"changed\": {\"fields\": [\"Time\"]}}]"
    }
},
{
    "model": "admin.logentry",
    "pk": 182,
    "fields": {
        "action_time": "2021-03-31T15:10:16.534Z",
        "user": [
            "joel0"
        ],
        "content_type": [
            "home",
            "match"
        ],
        "object_id": "10",
        "object_repr": "secondXI on 13 July 2021 Match drawn against Bangor",
        "action_flag": 2,
        "change_message": "[{\"changed\": {\"fields\": [\"Time\"]}}]"
    }
},
{
    "model": "admin.logentry",
    "pk": 183,
    "fields": {
        "action_time": "2021-03-31T15:11:02.189Z",
        "user": [
            "joel0"
        ],
        "content_type": [
            "home",
            "match"
        ],
        "object_id": "10",
        "object_repr": "secondXI on 13 July 2021 Match drawn against Bangor",
        "action_flag": 2,
        "change_message": "[{\"changed\": {\"fields\": [\"Decision\"]}}]"
    }
},
{
    "model": "admin.logentry",
    "pk": 184,
    "fields": {
        "action_time": "2021-03-31T15:11:19.134Z",
        "user": [
            "joel0"
        ],
        "content_type": [
            "home",
            "match"
        ],
        "object_id": "10",
        "object_repr": "secondXI on 13 July 2021 Match drawn against Bangor",
        "action_flag": 2,
        "change_message": "[{\"changed\": {\"fields\": [\"Venue\"]}}]"
    }
},
{
    "model": "admin.logentry",
    "pk": 185,
    "fields": {
        "action_time": "2021-04-01T11:58:56.548Z",
        "user": [
            "joel0"
        ],
        "content_type": [
            "home",
            "match"
        ],
        "object_id": "11",
        "object_repr": "firstXI on 09 June 2021 Match drawn against Donaghadee",
        "action_flag": 1,
        "change_message": "[{\"added\": {}}]"
    }
},
{
    "model": "admin.logentry",
    "pk": 186,
    "fields": {
        "action_time": "2021-04-01T12:00:58.857Z",
        "user": [
            "joel0"
        ],
        "content_type": [
            "home",
            "match"
        ],
        "object_id": "12",
        "object_repr": "firstXI on 04 August 2021 Match drawn against Dundrum",
        "action_flag": 1,
        "change_message": "[{\"added\": {}}]"
    }
},
{
    "model": "admin.logentry",
    "pk": 187,
    "fields": {
        "action_time": "2021-04-01T16:08:06.512Z",
        "user": [
            "joel0"
        ],
        "content_type": [
            "home",
            "club"
        ],
        "object_id": "6",
        "object_repr": "Dundrum",
        "action_flag": 2,
        "change_message": "[{\"changed\": {\"fields\": [\"Home venue\"]}}]"
    }
},
{
    "model": "admin.logentry",
    "pk": 188,
    "fields": {
        "action_time": "2021-04-01T16:12:12.829Z",
        "user": [
            "joel0"
        ],
        "content_type": [
            "home",
            "club"
        ],
        "object_id": "5",
        "object_repr": "Donaghcloney",
        "action_flag": 2,
        "change_message": "[{\"changed\": {\"fields\": [\"Home venue\"]}}]"
    }
},
{
    "model": "admin.logentry",
    "pk": 189,
    "fields": {
        "action_time": "2021-04-01T16:12:56.074Z",
        "user": [
            "joel0"
        ],
        "content_type": [
            "home",
            "club"
        ],
        "object_id": "4",
        "object_repr": "Donaghadee",
        "action_flag": 2,
        "change_message": "[{\"changed\": {\"fields\": [\"Home venue\"]}}]"
    }
},
{
    "model": "admin.logentry",
    "pk": 190,
    "fields": {
        "action_time": "2021-04-01T16:13:25.800Z",
        "user": [
            "joel0"
        ],
        "content_type": [
            "home",
            "club"
        ],
        "object_id": "3",
        "object_repr": "Bangor",
        "action_flag": 2,
        "change_message": "[{\"changed\": {\"fields\": [\"Home venue\"]}}]"
    }
},
{
    "model": "admin.logentry",
    "pk": 191,
    "fields": {
        "action_time": "2021-04-02T13:37:28.184Z",
        "user": [
            "joel0"
        ],
        "content_type": [
            "home",
            "batting"
        ],
        "object_id": "16",
        "object_repr": "Joel Ferguson 2016-03-29 scored 10 runs",
        "action_flag": 1,
        "change_message": "[{\"added\": {}}]"
    }
},
{
    "model": "admin.logentry",
    "pk": 192,
    "fields": {
        "action_time": "2021-04-02T13:52:59.633Z",
        "user": [
            "joel0"
        ],
        "content_type": [
            "home",
            "batting"
        ],
        "object_id": "17",
        "object_repr": "Arafat Khan 2021-08-04 scored 45 runs",
        "action_flag": 1,
        "change_message": "[{\"added\": {}}]"
    }
},
{
    "model": "admin.logentry",
    "pk": 193,
    "fields": {
        "action_time": "2021-04-02T13:53:09.004Z",
        "user": [
            "joel0"
        ],
        "content_type": [
            "home",
            "batting"
        ],
        "object_id": "17",
        "object_repr": "Arafat Khan 2019-11-30 scored 45 runs",
        "action_flag": 2,
        "change_message": "[{\"changed\": {\"fields\": [\"Match\"]}}]"
    }
},
{
    "model": "admin.logentry",
    "pk": 194,
    "fields": {
        "action_time": "2021-04-02T13:54:05.866Z",
        "user": [
            "joel0"
        ],
        "content_type": [
            "home",
            "bowling"
        ],
        "object_id": "6",
        "object_repr": "Arafat Khan 2019-10-18, figures of 4-15-3",
        "action_flag": 1,
        "change_message": "[{\"added\": {}}]"
    }
},
{
    "model": "admin.logentry",
    "pk": 195,
    "fields": {
        "action_time": "2021-04-02T14:08:59.941Z",
        "user": [
            "joel0"
        ],
        "content_type": [
            "home",
            "bowling"
        ],
        "object_id": "7",
        "object_repr": "Joel Ferguson 2018-11-30, figures of 3-20-2",
        "action_flag": 1,
        "change_message": "[{\"added\": {}}]"
    }
},
{
    "model": "wagtailcore.pagelogentry",
    "pk": 1,
    "fields": {
        "content_type": [
            "home",
            "homepage"
        ],
        "label": "Home",
        "action": "wagtail.edit",
        "data_json": "\"\"",
        "timestamp": "2021-01-28T15:35:25.880Z",
        "user": [
            "joel0"
        ],
        "content_changed": true,
        "deleted": false,
        "page": 3,
        "revision": 1
    }
},
{
    "model": "wagtailcore.pagelogentry",
    "pk": 2,
    "fields": {
        "content_type": [
            "home",
            "homepage"
        ],
        "label": "Home",
        "action": "wagtail.publish",
        "data_json": "null",
        "timestamp": "2021-01-28T15:35:25.916Z",
        "user": [
            "joel0"
        ],
        "content_changed": true,
        "deleted": false,
        "page": 3,
        "revision": 1
    }
},
{
    "model": "wagtailcore.pagelogentry",
    "pk": 3,
    "fields": {
        "content_type": [
            "home",
            "homepage"
        ],
        "label": "Home",
        "action": "wagtail.edit",
        "data_json": "\"\"",
        "timestamp": "2021-01-28T16:03:05.762Z",
        "user": [
            "joel0"
        ],
        "content_changed": true,
        "deleted": false,
        "page": 3,
        "revision": 2
    }
},
{
    "model": "wagtailcore.pagelogentry",
    "pk": 4,
    "fields": {
        "content_type": [
            "home",
            "homepage"
        ],
        "label": "Home",
        "action": "wagtail.publish",
        "data_json": "null",
        "timestamp": "2021-01-28T16:03:05.795Z",
        "user": [
            "joel0"
        ],
        "content_changed": true,
        "deleted": false,
        "page": 3,
        "revision": 2
    }
},
{
    "model": "wagtailcore.pagelogentry",
    "pk": 5,
    "fields": {
        "content_type": [
            "home",
            "homepage"
        ],
        "label": "Home",
        "action": "wagtail.edit",
        "data_json": "\"\"",
        "timestamp": "2021-01-28T16:45:39.236Z",
        "user": [
            "joel0"
        ],
        "content_changed": true,
        "deleted": false,
        "page": 3,
        "revision": 3
    }
},
{
    "model": "wagtailcore.pagelogentry",
    "pk": 6,
    "fields": {
        "content_type": [
            "home",
            "homepage"
        ],
        "label": "Home",
        "action": "wagtail.publish",
        "data_json": "null",
        "timestamp": "2021-01-28T16:45:39.259Z",
        "user": [
            "joel0"
        ],
        "content_changed": true,
        "deleted": false,
        "page": 3,
        "revision": 3
    }
},
{
    "model": "wagtailcore.pagelogentry",
    "pk": 7,
    "fields": {
        "content_type": [
            "home",
            "homepage"
        ],
        "label": "Home",
        "action": "wagtail.edit",
        "data_json": "\"\"",
        "timestamp": "2021-02-09T09:20:45.717Z",
        "user": [
            "joel0"
        ],
        "content_changed": true,
        "deleted": false,
        "page": 3,
        "revision": 4
    }
},
{
    "model": "wagtailcore.pagelogentry",
    "pk": 8,
    "fields": {
        "content_type": [
            "home",
            "homepage"
        ],
        "label": "Home",
        "action": "wagtail.publish",
        "data_json": "null",
        "timestamp": "2021-02-09T09:20:45.994Z",
        "user": [
            "joel0"
        ],
        "content_changed": true,
        "deleted": false,
        "page": 3,
        "revision": 4
    }
},
{
    "model": "wagtailcore.pagelogentry",
    "pk": 9,
    "fields": {
        "content_type": [
            "home",
            "homepage"
        ],
        "label": "Home",
        "action": "wagtail.edit",
        "data_json": "\"\"",
        "timestamp": "2021-02-10T15:54:50.822Z",
        "user": [
            "joel0"
        ],
        "content_changed": true,
        "deleted": false,
        "page": 3,
        "revision": 5
    }
},
{
    "model": "wagtailcore.pagelogentry",
    "pk": 10,
    "fields": {
        "content_type": [
            "home",
            "homepage"
        ],
        "label": "Home",
        "action": "wagtail.edit",
        "data_json": "\"\"",
        "timestamp": "2021-02-10T15:55:05.056Z",
        "user": [
            "joel0"
        ],
        "content_changed": true,
        "deleted": false,
        "page": 3,
        "revision": 6
    }
},
{
    "model": "wagtailcore.pagelogentry",
    "pk": 11,
    "fields": {
        "content_type": [
            "home",
            "homepage"
        ],
        "label": "Home",
        "action": "wagtail.publish",
        "data_json": "null",
        "timestamp": "2021-02-10T15:55:05.314Z",
        "user": [
            "joel0"
        ],
        "content_changed": false,
        "deleted": false,
        "page": 3,
        "revision": 6
    }
},
{
    "model": "wagtailcore.pagelogentry",
    "pk": 12,
    "fields": {
        "content_type": [
            "home",
            "homepage"
        ],
        "label": "Home",
        "action": "wagtail.edit",
        "data_json": "\"\"",
        "timestamp": "2021-02-10T15:58:57.909Z",
        "user": [
            "joel0"
        ],
        "content_changed": true,
        "deleted": false,
        "page": 3,
        "revision": 7
    }
},
{
    "model": "wagtailcore.pagelogentry",
    "pk": 13,
    "fields": {
        "content_type": [
            "home",
            "homepage"
        ],
        "label": "Home",
        "action": "wagtail.publish",
        "data_json": "null",
        "timestamp": "2021-02-10T15:58:58.228Z",
        "user": [
            "joel0"
        ],
        "content_changed": false,
        "deleted": false,
        "page": 3,
        "revision": 7
    }
},
{
    "model": "wagtailcore.pagelogentry",
    "pk": 14,
    "fields": {
        "content_type": [
            "home",
            "homepage"
        ],
        "label": "Home",
        "action": "wagtail.edit",
        "data_json": "\"\"",
        "timestamp": "2021-02-10T16:01:51.374Z",
        "user": [
            "joel0"
        ],
        "content_changed": true,
        "deleted": false,
        "page": 3,
        "revision": 8
    }
},
{
    "model": "wagtailcore.pagelogentry",
    "pk": 15,
    "fields": {
        "content_type": [
            "home",
            "homepage"
        ],
        "label": "Home",
        "action": "wagtail.publish",
        "data_json": "null",
        "timestamp": "2021-02-10T16:01:51.654Z",
        "user": [
            "joel0"
        ],
        "content_changed": true,
        "deleted": false,
        "page": 3,
        "revision": 8
    }
},
{
    "model": "wagtailcore.pagelogentry",
    "pk": 16,
    "fields": {
        "content_type": [
            "home",
            "scorecard"
        ],
        "label": "Scorecard",
        "action": "wagtail.create",
        "data_json": "\"\"",
        "timestamp": "2021-02-10T16:31:20.764Z",
        "user": [
            "admin"
        ],
        "content_changed": true,
        "deleted": false,
        "page": 4,
        "revision": null
    }
},
{
    "model": "wagtailcore.pagelogentry",
    "pk": 17,
    "fields": {
        "content_type": [
            "home",
            "scorecard"
        ],
        "label": "Scorecard",
        "action": "wagtail.publish",
        "data_json": "null",
        "timestamp": "2021-02-10T16:31:21.055Z",
        "user": [
            "admin"
        ],
        "content_changed": true,
        "deleted": false,
        "page": 4,
        "revision": 9
    }
},
{
    "model": "wagtailcore.pagelogentry",
    "pk": 18,
    "fields": {
        "content_type": [
            "home",
            "scorecard"
        ],
        "label": "Scorecard",
        "action": "wagtail.edit",
        "data_json": "\"\"",
        "timestamp": "2021-02-18T09:23:56.866Z",
        "user": [
            "joel0"
        ],
        "content_changed": true,
        "deleted": false,
        "page": 4,
        "revision": 10
    }
},
{
    "model": "wagtailcore.pagelogentry",
    "pk": 19,
    "fields": {
        "content_type": [
            "home",
            "scorecard"
        ],
        "label": "Scorecard",
        "action": "wagtail.publish",
        "data_json": "null",
        "timestamp": "2021-02-18T09:23:57.114Z",
        "user": [
            "joel0"
        ],
        "content_changed": true,
        "deleted": false,
        "page": 4,
        "revision": 10
    }
},
{
    "model": "wagtailcore.pagelogentry",
    "pk": 20,
    "fields": {
        "content_type": [
            "home",
            "scorecard"
        ],
        "label": "Scorecard",
        "action": "wagtail.edit",
        "data_json": "\"\"",
        "timestamp": "2021-02-18T09:31:04.497Z",
        "user": [
            "joel0"
        ],
        "content_changed": true,
        "deleted": false,
        "page": 4,
        "revision": 11
    }
},
{
    "model": "wagtailcore.pagelogentry",
    "pk": 21,
    "fields": {
        "content_type": [
            "home",
            "scorecard"
        ],
        "label": "Scorecard",
        "action": "wagtail.publish",
        "data_json": "null",
        "timestamp": "2021-02-18T09:31:04.778Z",
        "user": [
            "joel0"
        ],
        "content_changed": false,
        "deleted": false,
        "page": 4,
        "revision": 11
    }
},
{
    "model": "wagtailcore.pagelogentry",
    "pk": 22,
    "fields": {
        "content_type": [
            "home",
            "scorecard"
        ],
        "label": "Scorecard",
        "action": "wagtail.edit",
        "data_json": "\"\"",
        "timestamp": "2021-02-18T09:32:35.206Z",
        "user": [
            "joel0"
        ],
        "content_changed": true,
        "deleted": false,
        "page": 4,
        "revision": 12
    }
},
{
    "model": "wagtailcore.pagelogentry",
    "pk": 23,
    "fields": {
        "content_type": [
            "home",
            "scorecard"
        ],
        "label": "Scorecard",
        "action": "wagtail.publish",
        "data_json": "null",
        "timestamp": "2021-02-18T09:32:35.519Z",
        "user": [
            "joel0"
        ],
        "content_changed": false,
        "deleted": false,
        "page": 4,
        "revision": 12
    }
},
{
    "model": "wagtailcore.pagelogentry",
    "pk": 24,
    "fields": {
        "content_type": [
            "home",
            "scorecard"
        ],
        "label": "Scorecard",
        "action": "wagtail.edit",
        "data_json": "\"\"",
        "timestamp": "2021-02-19T16:33:45.420Z",
        "user": [
            "joel0"
        ],
        "content_changed": true,
        "deleted": false,
        "page": 4,
        "revision": 13
    }
},
{
    "model": "wagtailcore.pagelogentry",
    "pk": 25,
    "fields": {
        "content_type": [
            "home",
            "scorecard"
        ],
        "label": "Scorecard",
        "action": "wagtail.publish",
        "data_json": "null",
        "timestamp": "2021-02-19T16:33:45.636Z",
        "user": [
            "joel0"
        ],
        "content_changed": true,
        "deleted": false,
        "page": 4,
        "revision": 13
    }
},
{
    "model": "wagtailcore.pagelogentry",
    "pk": 26,
    "fields": {
        "content_type": [
            "home",
            "scorecard"
        ],
        "label": "Scorecard",
        "action": "wagtail.edit",
        "data_json": "\"\"",
        "timestamp": "2021-02-19T16:34:16.355Z",
        "user": [
            "joel0"
        ],
        "content_changed": true,
        "deleted": false,
        "page": 4,
        "revision": 14
    }
},
{
    "model": "wagtailcore.pagelogentry",
    "pk": 27,
    "fields": {
        "content_type": [
            "home",
            "scorecard"
        ],
        "label": "Scorecard",
        "action": "wagtail.publish",
        "data_json": "null",
        "timestamp": "2021-02-19T16:34:16.603Z",
        "user": [
            "joel0"
        ],
        "content_changed": true,
        "deleted": false,
        "page": 4,
        "revision": 14
    }
},
{
    "model": "wagtailcore.pagelogentry",
    "pk": 28,
    "fields": {
        "content_type": [
            "home",
            "overview"
        ],
        "label": "Overview",
        "action": "wagtail.create",
        "data_json": "\"\"",
        "timestamp": "2021-02-27T20:56:41.036Z",
        "user": [
            "joel0"
        ],
        "content_changed": true,
        "deleted": false,
        "page": 5,
        "revision": null
    }
},
{
    "model": "wagtailcore.pagelogentry",
    "pk": 29,
    "fields": {
        "content_type": [
            "home",
            "overview"
        ],
        "label": "Overview",
        "action": "wagtail.publish",
        "data_json": "null",
        "timestamp": "2021-02-27T20:56:41.600Z",
        "user": [
            "joel0"
        ],
        "content_changed": true,
        "deleted": false,
        "page": 5,
        "revision": 15
    }
},
{
    "model": "wagtailcore.pagelogentry",
    "pk": 30,
    "fields": {
        "content_type": [
            "home",
            "blogindexpage"
        ],
        "label": "News",
        "action": "wagtail.create",
        "data_json": "\"\"",
        "timestamp": "2021-03-04T15:54:19.156Z",
        "user": [
            "joel0"
        ],
        "content_changed": true,
        "deleted": false,
        "page": 6,
        "revision": null
    }
},
{
    "model": "wagtailcore.pagelogentry",
    "pk": 31,
    "fields": {
        "content_type": [
            "home",
            "blogindexpage"
        ],
        "label": "News",
        "action": "wagtail.publish",
        "data_json": "null",
        "timestamp": "2021-03-04T15:54:19.453Z",
        "user": [
            "joel0"
        ],
        "content_changed": true,
        "deleted": false,
        "page": 6,
        "revision": 16
    }
},
{
    "model": "wagtailcore.pagelogentry",
    "pk": 32,
    "fields": {
        "content_type": [
            "home",
            "blogpage"
        ],
        "label": "New start",
        "action": "wagtail.create",
        "data_json": "\"\"",
        "timestamp": "2021-03-04T15:57:35.936Z",
        "user": [
            "joel0"
        ],
        "content_changed": true,
        "deleted": false,
        "page": 7,
        "revision": null
    }
},
{
    "model": "wagtailcore.pagelogentry",
    "pk": 33,
    "fields": {
        "content_type": [
            "home",
            "blogpage"
        ],
        "label": "New start",
        "action": "wagtail.publish",
        "data_json": "null",
        "timestamp": "2021-03-04T15:57:36.719Z",
        "user": [
            "joel0"
        ],
        "content_changed": true,
        "deleted": false,
        "page": 7,
        "revision": 17
    }
},
{
    "model": "wagtailcore.pagelogentry",
    "pk": 34,
    "fields": {
        "content_type": [
            "home",
            "blogpage"
        ],
        "label": "2020 Performance awards",
        "action": "wagtail.create",
        "data_json": "\"\"",
        "timestamp": "2021-03-04T16:04:06.725Z",
        "user": [
            "joel0"
        ],
        "content_changed": true,
        "deleted": false,
        "page": 8,
        "revision": null
    }
},
{
    "model": "wagtailcore.pagelogentry",
    "pk": 35,
    "fields": {
        "content_type": [
            "home",
            "blogpage"
        ],
        "label": "2020 Performance awards",
        "action": "wagtail.publish",
        "data_json": "null",
        "timestamp": "2021-03-04T16:04:07.265Z",
        "user": [
            "joel0"
        ],
        "content_changed": true,
        "deleted": false,
        "page": 8,
        "revision": 18
    }
},
{
    "model": "wagtailcore.pagelogentry",
    "pk": 36,
    "fields": {
        "content_type": [
            "home",
            "blogpage"
        ],
        "label": "ANNUAL GENERAL MEETING REPORT",
        "action": "wagtail.create",
        "data_json": "\"\"",
        "timestamp": "2021-03-04T16:05:27.415Z",
        "user": [
            "joel0"
        ],
        "content_changed": true,
        "deleted": false,
        "page": 9,
        "revision": null
    }
},
{
    "model": "wagtailcore.pagelogentry",
    "pk": 37,
    "fields": {
        "content_type": [
            "home",
            "blogpage"
        ],
        "label": "ANNUAL GENERAL MEETING REPORT",
        "action": "wagtail.publish",
        "data_json": "null",
        "timestamp": "2021-03-04T16:05:27.828Z",
        "user": [
            "joel0"
        ],
        "content_changed": true,
        "deleted": false,
        "page": 9,
        "revision": 19
    }
},
{
    "model": "wagtailcore.pagelogentry",
    "pk": 38,
    "fields": {
        "content_type": [
            "home",
            "blogpage"
        ],
        "label": "Annual General Meeting Rerport",
        "action": "wagtail.edit",
        "data_json": "\"\"",
        "timestamp": "2021-03-04T16:05:59.722Z",
        "user": [
            "joel0"
        ],
        "content_changed": true,
        "deleted": false,
        "page": 9,
        "revision": 20
    }
},
{
    "model": "wagtailcore.pagelogentry",
    "pk": 39,
    "fields": {
        "content_type": [
            "home",
            "blogpage"
        ],
        "label": "Annual General Meeting Rerport",
        "action": "wagtail.rename",
        "data_json": "{\"title\": {\"old\": \"ANNUAL GENERAL MEETING REPORT\", \"new\": \"Annual General Meeting Rerport\"}}",
        "timestamp": "2021-03-04T16:06:00.108Z",
        "user": [
            "joel0"
        ],
        "content_changed": false,
        "deleted": false,
        "page": 9,
        "revision": 20
    }
},
{
    "model": "wagtailcore.pagelogentry",
    "pk": 40,
    "fields": {
        "content_type": [
            "home",
            "blogpage"
        ],
        "label": "Annual General Meeting Rerport",
        "action": "wagtail.publish",
        "data_json": "{\"title\": {\"old\": \"ANNUAL GENERAL MEETING REPORT\", \"new\": \"Annual General Meeting Rerport\"}}",
        "timestamp": "2021-03-04T16:06:00.121Z",
        "user": [
            "joel0"
        ],
        "content_changed": true,
        "deleted": false,
        "page": 9,
        "revision": 20
    }
},
{
    "model": "wagtailcore.pagelogentry",
    "pk": 41,
    "fields": {
        "content_type": [
            "home",
            "blogpage"
        ],
        "label": "New Year Greetings",
        "action": "wagtail.create",
        "data_json": "\"\"",
        "timestamp": "2021-03-04T16:06:49.542Z",
        "user": [
            "joel0"
        ],
        "content_changed": true,
        "deleted": false,
        "page": 10,
        "revision": null
    }
},
{
    "model": "wagtailcore.pagelogentry",
    "pk": 42,
    "fields": {
        "content_type": [
            "home",
            "blogpage"
        ],
        "label": "New Year Greetings",
        "action": "wagtail.publish",
        "data_json": "null",
        "timestamp": "2021-03-04T16:06:50.030Z",
        "user": [
            "joel0"
        ],
        "content_changed": true,
        "deleted": false,
        "page": 10,
        "revision": 21
    }
},
{
    "model": "wagtailcore.pagelogentry",
    "pk": 43,
    "fields": {
        "content_type": [
            "home",
            "blogpage"
        ],
        "label": "Annula General meeting - 1st February",
        "action": "wagtail.create",
        "data_json": "\"\"",
        "timestamp": "2021-03-04T16:07:43.519Z",
        "user": [
            "joel0"
        ],
        "content_changed": true,
        "deleted": false,
        "page": 11,
        "revision": null
    }
},
{
    "model": "wagtailcore.pagelogentry",
    "pk": 44,
    "fields": {
        "content_type": [
            "home",
            "blogpage"
        ],
        "label": "Annula General meeting - 1st February",
        "action": "wagtail.publish",
        "data_json": "null",
        "timestamp": "2021-03-04T16:07:43.976Z",
        "user": [
            "joel0"
        ],
        "content_changed": true,
        "deleted": false,
        "page": 11,
        "revision": 22
    }
},
{
    "model": "wagtailcore.pagelogentry",
    "pk": 45,
    "fields": {
        "content_type": [
            "home",
            "blogpage"
        ],
        "label": "Midweek Cup winners late 1980s",
        "action": "wagtail.create",
        "data_json": "\"\"",
        "timestamp": "2021-03-04T16:09:35.080Z",
        "user": [
            "joel0"
        ],
        "content_changed": true,
        "deleted": false,
        "page": 12,
        "revision": null
    }
},
{
    "model": "wagtailcore.pagelogentry",
    "pk": 46,
    "fields": {
        "content_type": [
            "home",
            "blogpage"
        ],
        "label": "Midweek Cup winners late 1980s",
        "action": "wagtail.publish",
        "data_json": "null",
        "timestamp": "2021-03-04T16:09:35.573Z",
        "user": [
            "joel0"
        ],
        "content_changed": true,
        "deleted": false,
        "page": 12,
        "revision": 23
    }
},
{
    "model": "wagtailcore.pagelogentry",
    "pk": 47,
    "fields": {
        "content_type": [
            "home",
            "blogpage"
        ],
        "label": "Annual General meeting - 1st February",
        "action": "wagtail.edit",
        "data_json": "\"\"",
        "timestamp": "2021-03-04T16:09:53.980Z",
        "user": [
            "joel0"
        ],
        "content_changed": true,
        "deleted": false,
        "page": 11,
        "revision": 24
    }
},
{
    "model": "wagtailcore.pagelogentry",
    "pk": 48,
    "fields": {
        "content_type": [
            "home",
            "blogpage"
        ],
        "label": "Annual General meeting - 1st February",
        "action": "wagtail.rename",
        "data_json": "{\"title\": {\"old\": \"Annula General meeting - 1st February\", \"new\": \"Annual General meeting - 1st February\"}}",
        "timestamp": "2021-03-04T16:09:54.317Z",
        "user": [
            "joel0"
        ],
        "content_changed": false,
        "deleted": false,
        "page": 11,
        "revision": 24
    }
},
{
    "model": "wagtailcore.pagelogentry",
    "pk": 49,
    "fields": {
        "content_type": [
            "home",
            "blogpage"
        ],
        "label": "Annual General meeting - 1st February",
        "action": "wagtail.publish",
        "data_json": "{\"title\": {\"old\": \"Annula General meeting - 1st February\", \"new\": \"Annual General meeting - 1st February\"}}",
        "timestamp": "2021-03-04T16:09:54.329Z",
        "user": [
            "joel0"
        ],
        "content_changed": true,
        "deleted": false,
        "page": 11,
        "revision": 24
    }
},
{
    "model": "wagtailcore.pagelogentry",
    "pk": 50,
    "fields": {
        "content_type": [
            "home",
            "blogpage"
        ],
        "label": "Annual General Meeting Report",
        "action": "wagtail.edit",
        "data_json": "\"\"",
        "timestamp": "2021-03-04T16:26:00.420Z",
        "user": [
            "joel0"
        ],
        "content_changed": true,
        "deleted": false,
        "page": 9,
        "revision": 25
    }
},
{
    "model": "wagtailcore.pagelogentry",
    "pk": 51,
    "fields": {
        "content_type": [
            "home",
            "blogpage"
        ],
        "label": "Annual General Meeting Report",
        "action": "wagtail.rename",
        "data_json": "{\"title\": {\"old\": \"Annual General Meeting Rerport\", \"new\": \"Annual General Meeting Report\"}}",
        "timestamp": "2021-03-04T16:26:00.838Z",
        "user": [
            "joel0"
        ],
        "content_changed": false,
        "deleted": false,
        "page": 9,
        "revision": 25
    }
},
{
    "model": "wagtailcore.pagelogentry",
    "pk": 52,
    "fields": {
        "content_type": [
            "home",
            "blogpage"
        ],
        "label": "Annual General Meeting Report",
        "action": "wagtail.publish",
        "data_json": "{\"title\": {\"old\": \"Annual General Meeting Rerport\", \"new\": \"Annual General Meeting Report\"}}",
        "timestamp": "2021-03-04T16:26:00.850Z",
        "user": [
            "joel0"
        ],
        "content_changed": true,
        "deleted": false,
        "page": 9,
        "revision": 25
    }
},
{
    "model": "wagtailcore.pagelogentry",
    "pk": 53,
    "fields": {
        "content_type": [
            "home",
            "blogpage"
        ],
        "label": "Annual General meeting - 1st February",
        "action": "wagtail.edit",
        "data_json": "\"\"",
        "timestamp": "2021-03-04T16:26:48.922Z",
        "user": [
            "joel0"
        ],
        "content_changed": true,
        "deleted": false,
        "page": 11,
        "revision": 26
    }
},
{
    "model": "wagtailcore.pagelogentry",
    "pk": 54,
    "fields": {
        "content_type": [
            "home",
            "blogpage"
        ],
        "label": "Annual General meeting - 1st February",
        "action": "wagtail.publish",
        "data_json": "null",
        "timestamp": "2021-03-04T16:26:49.333Z",
        "user": [
            "joel0"
        ],
        "content_changed": true,
        "deleted": false,
        "page": 11,
        "revision": 26
    }
},
{
    "model": "wagtailcore.pagelogentry",
    "pk": 55,
    "fields": {
        "content_type": [
            "home",
            "fixturepreview"
        ],
        "label": "Fixture Preview",
        "action": "wagtail.create",
        "data_json": "\"\"",
        "timestamp": "2021-03-31T16:01:22.827Z",
        "user": [
            "joel0"
        ],
        "content_changed": true,
        "deleted": false,
        "page": 13,
        "revision": null
    }
},
{
    "model": "wagtailcore.pagelogentry",
    "pk": 56,
    "fields": {
        "content_type": [
            "home",
            "fixturepreview"
        ],
        "label": "Fixture Preview",
        "action": "wagtail.publish",
        "data_json": "null",
        "timestamp": "2021-03-31T16:01:23.163Z",
        "user": [
            "joel0"
        ],
        "content_changed": true,
        "deleted": false,
        "page": 13,
        "revision": 27
    }
},
{
    "model": "wagtailcore.pagelogentry",
    "pk": 57,
    "fields": {
        "content_type": [
            "home",
            "homepage"
        ],
        "label": "Home",
        "action": "wagtail.edit",
        "data_json": "\"\"",
        "timestamp": "2021-03-31T20:18:10.073Z",
        "user": [
            "joel0"
        ],
        "content_changed": true,
        "deleted": false,
        "page": 3,
        "revision": 28
    }
},
{
    "model": "wagtailcore.pagelogentry",
    "pk": 58,
    "fields": {
        "content_type": [
            "home",
            "homepage"
        ],
        "label": "Home",
        "action": "wagtail.publish",
        "data_json": "null",
        "timestamp": "2021-03-31T20:18:10.471Z",
        "user": [
            "joel0"
        ],
        "content_changed": true,
        "deleted": false,
        "page": 3,
        "revision": 28
    }
},
{
    "model": "wagtailcore.pagelogentry",
    "pk": 59,
    "fields": {
        "content_type": [
            "home",
            "homepage"
        ],
        "label": "Home",
        "action": "wagtail.edit",
        "data_json": "\"\"",
        "timestamp": "2021-03-31T20:19:05.036Z",
        "user": [
            "joel0"
        ],
        "content_changed": true,
        "deleted": false,
        "page": 3,
        "revision": 29
    }
},
{
    "model": "wagtailcore.pagelogentry",
    "pk": 60,
    "fields": {
        "content_type": [
            "home",
            "homepage"
        ],
        "label": "Home",
        "action": "wagtail.publish",
        "data_json": "null",
        "timestamp": "2021-03-31T20:19:05.619Z",
        "user": [
            "joel0"
        ],
        "content_changed": true,
        "deleted": false,
        "page": 3,
        "revision": 29
    }
},
{
    "model": "wagtailcore.pagelogentry",
    "pk": 61,
    "fields": {
        "content_type": [
            "home",
            "homepage"
        ],
        "label": "Home",
        "action": "wagtail.edit",
        "data_json": "\"\"",
        "timestamp": "2021-04-01T12:29:58.209Z",
        "user": [
            "joel0"
        ],
        "content_changed": true,
        "deleted": false,
        "page": 3,
        "revision": 30
    }
},
{
    "model": "wagtailcore.pagelogentry",
    "pk": 62,
    "fields": {
        "content_type": [
            "home",
            "homepage"
        ],
        "label": "Home",
        "action": "wagtail.publish",
        "data_json": "null",
        "timestamp": "2021-04-01T12:29:58.459Z",
        "user": [
            "joel0"
        ],
        "content_changed": true,
        "deleted": false,
        "page": 3,
        "revision": 30
    }
},
{
    "model": "wagtailcore.pagelogentry",
    "pk": 63,
    "fields": {
        "content_type": [
            "home",
            "homepage"
        ],
        "label": "Home",
        "action": "wagtail.edit",
        "data_json": "\"\"",
        "timestamp": "2021-04-01T16:39:47.671Z",
        "user": [
            "joel0"
        ],
        "content_changed": true,
        "deleted": false,
        "page": 3,
        "revision": 31
    }
},
{
    "model": "wagtailcore.pagelogentry",
    "pk": 64,
    "fields": {
        "content_type": [
            "home",
            "homepage"
        ],
        "label": "Home",
        "action": "wagtail.publish",
        "data_json": "null",
        "timestamp": "2021-04-01T16:39:48.021Z",
        "user": [
            "joel0"
        ],
        "content_changed": true,
        "deleted": false,
        "page": 3,
        "revision": 31
    }
},
{
    "model": "wagtailcore.groupapprovaltask",
    "pk": 1,
    "fields": {
        "task_ptr": 1,
        "groups": [
            [
                "Moderators"
            ]
        ]
    }
},
{
    "model": "wagtailcore.grouppagepermission",
    "pk": 1,
    "fields": {
        "group": [
            "Moderators"
        ],
        "page": 1,
        "permission_type": "add"
    }
},
{
    "model": "wagtailcore.grouppagepermission",
    "pk": 2,
    "fields": {
        "group": [
            "Moderators"
        ],
        "page": 1,
        "permission_type": "edit"
    }
},
{
    "model": "wagtailcore.grouppagepermission",
    "pk": 3,
    "fields": {
        "group": [
            "Moderators"
        ],
        "page": 1,
        "permission_type": "publish"
    }
},
{
    "model": "wagtailcore.grouppagepermission",
    "pk": 4,
    "fields": {
        "group": [
            "Editors"
        ],
        "page": 1,
        "permission_type": "add"
    }
},
{
    "model": "wagtailcore.grouppagepermission",
    "pk": 5,
    "fields": {
        "group": [
            "Editors"
        ],
        "page": 1,
        "permission_type": "edit"
    }
},
{
    "model": "wagtailcore.grouppagepermission",
    "pk": 6,
    "fields": {
        "group": [
            "Moderators"
        ],
        "page": 1,
        "permission_type": "lock"
    }
},
{
    "model": "wagtailcore.grouppagepermission",
    "pk": 7,
    "fields": {
        "group": [
            "Moderators"
        ],
        "page": 1,
        "permission_type": "unlock"
    }
},
{
    "model": "wagtailcore.pagerevision",
    "pk": 1,
    "fields": {
        "page": 3,
        "submitted_for_moderation": false,
        "created_at": "2021-01-28T15:35:25.866Z",
        "user": [
            "joel0"
        ],
        "content_json": "{\"pk\": 3, \"path\": \"00010001\", \"depth\": 2, \"numchild\": 0, \"translation_key\": \"44a6b11d-e023-4213-8c4f-2d961d0688f6\", \"locale\": 1, \"title\": \"Home\", \"draft_title\": \"Home\", \"slug\": \"home\", \"content_type\": 2, \"live\": true, \"has_unpublished_changes\": false, \"url_path\": \"/home/\", \"owner\": null, \"seo_title\": \"\", \"show_in_menus\": false, \"search_description\": \"\", \"go_live_at\": null, \"expire_at\": null, \"expired\": false, \"locked\": false, \"locked_at\": null, \"locked_by\": null, \"first_published_at\": null, \"last_published_at\": null, \"latest_revision_created_at\": null, \"live_revision\": null, \"alias_of\": null, \"banner_title\": \"hello this is a panel\"}",
        "approved_go_live_at": null
    }
},
{
    "model": "wagtailcore.pagerevision",
    "pk": 2,
    "fields": {
        "page": 3,
        "submitted_for_moderation": false,
        "created_at": "2021-01-28T16:03:05.737Z",
        "user": [
            "joel0"
        ],
        "content_json": "{\"pk\": 3, \"path\": \"00010001\", \"depth\": 2, \"numchild\": 0, \"translation_key\": \"44a6b11d-e023-4213-8c4f-2d961d0688f6\", \"locale\": 1, \"title\": \"Home\", \"draft_title\": \"Home\", \"slug\": \"home\", \"content_type\": 2, \"live\": true, \"has_unpublished_changes\": false, \"url_path\": \"/home/\", \"owner\": null, \"seo_title\": \"\", \"show_in_menus\": false, \"search_description\": \"\", \"go_live_at\": null, \"expire_at\": null, \"expired\": false, \"locked\": false, \"locked_at\": null, \"locked_by\": null, \"first_published_at\": \"2021-01-28T15:35:25.894Z\", \"last_published_at\": \"2021-01-28T15:35:25.894Z\", \"latest_revision_created_at\": \"2021-01-28T15:35:25.866Z\", \"live_revision\": 1, \"alias_of\": null, \"banner_title\": \"hello this is a panel\", \"banner_subtitle\": \"<p>Test txt</p>\", \"banner_image\": 1, \"banner_cta\": null}",
        "approved_go_live_at": null
    }
},
{
    "model": "wagtailcore.pagerevision",
    "pk": 3,
    "fields": {
        "page": 3,
        "submitted_for_moderation": false,
        "created_at": "2021-01-28T16:45:39.228Z",
        "user": [
            "joel0"
        ],
        "content_json": "{\"pk\": 3, \"path\": \"00010001\", \"depth\": 2, \"numchild\": 0, \"translation_key\": \"44a6b11d-e023-4213-8c4f-2d961d0688f6\", \"locale\": 1, \"title\": \"Home\", \"draft_title\": \"Home\", \"slug\": \"home\", \"content_type\": 4, \"live\": true, \"has_unpublished_changes\": false, \"url_path\": \"/home/\", \"owner\": null, \"seo_title\": \"\", \"show_in_menus\": false, \"search_description\": \"\", \"go_live_at\": null, \"expire_at\": null, \"expired\": false, \"locked\": false, \"locked_at\": null, \"locked_by\": null, \"first_published_at\": \"2021-01-28T15:35:25.894Z\", \"last_published_at\": \"2021-01-28T16:03:05.775Z\", \"latest_revision_created_at\": \"2021-01-28T16:03:05.737Z\", \"live_revision\": 2, \"alias_of\": null, \"banner_title\": \"Forever just looking for soemthing different\", \"banner_subtitle\": \"<p>Test txt</p>\", \"banner_image\": 1, \"banner_cta\": null}",
        "approved_go_live_at": null
    }
},
{
    "model": "wagtailcore.pagerevision",
    "pk": 4,
    "fields": {
        "page": 3,
        "submitted_for_moderation": false,
        "created_at": "2021-02-09T09:20:45.595Z",
        "user": [
            "joel0"
        ],
        "content_json": "{\"pk\": 3, \"path\": \"00010001\", \"depth\": 2, \"numchild\": 0, \"translation_key\": \"44a6b11d-e023-4213-8c4f-2d961d0688f6\", \"locale\": 1, \"title\": \"Home\", \"draft_title\": \"Home\", \"slug\": \"home\", \"content_type\": 4, \"live\": true, \"has_unpublished_changes\": false, \"url_path\": \"/home/\", \"owner\": null, \"seo_title\": \"\", \"show_in_menus\": false, \"search_description\": \"\", \"go_live_at\": null, \"expire_at\": null, \"expired\": false, \"locked\": false, \"locked_at\": null, \"locked_by\": null, \"first_published_at\": \"2021-01-28T15:35:25.894Z\", \"last_published_at\": \"2021-01-28T16:45:39.244Z\", \"latest_revision_created_at\": \"2021-01-28T16:45:39.228Z\", \"live_revision\": 3, \"alias_of\": null, \"banner_title\": \"Forever just looking for soemthing different\", \"banner_subtitle\": \"<p>Test txt</p><p></p><embed embedtype=\\\"media\\\" url=\\\"https://www.youtube.com/watch?v=jUMFE03r5Jw&amp;t=4s\\\"/><p></p>\", \"banner_image\": 1, \"banner_cta\": null}",
        "approved_go_live_at": null
    }
},
{
    "model": "wagtailcore.pagerevision",
    "pk": 5,
    "fields": {
        "page": 3,
        "submitted_for_moderation": false,
        "created_at": "2021-02-10T15:54:50.723Z",
        "user": [
            "joel0"
        ],
        "content_json": "{\"pk\": 3, \"path\": \"00010001\", \"depth\": 2, \"numchild\": 0, \"translation_key\": \"44a6b11d-e023-4213-8c4f-2d961d0688f6\", \"locale\": 1, \"title\": \"Home\", \"draft_title\": \"Home\", \"slug\": \"home\", \"content_type\": 4, \"live\": true, \"has_unpublished_changes\": false, \"url_path\": \"/home/\", \"owner\": null, \"seo_title\": \"\", \"show_in_menus\": false, \"search_description\": \"\", \"go_live_at\": null, \"expire_at\": null, \"expired\": false, \"locked\": false, \"locked_at\": null, \"locked_by\": null, \"first_published_at\": \"2021-01-28T15:35:25.894Z\", \"last_published_at\": \"2021-02-09T09:20:45.799Z\", \"latest_revision_created_at\": \"2021-02-09T09:20:45.595Z\", \"live_revision\": 4, \"alias_of\": null, \"banner_title\": \"Forever just looking for soemthing different\", \"banner_subtitle\": \"<p>Test txt</p><p></p><embed embedtype=\\\"media\\\" url=\\\"https://www.youtube.com/watch?v=jUMFE03r5Jw&amp;t=4s\\\"/><p></p>\", \"intro\": \"[{\\\"type\\\": \\\"video\\\", \\\"value\\\": {\\\"video\\\": \\\"https://youtu.be/jxUeJsR_XSs\\\", \\\"caption\\\": \\\"First off let me explain\\\", \\\"float\\\": \\\"Center\\\", \\\"size\\\": \\\"half\\\"}, \\\"id\\\": \\\"0c233e8b-7ed5-435f-9f25-5c7adfad409b\\\"}]\", \"banner_image\": 1, \"banner_cta\": null}",
        "approved_go_live_at": null
    }
},
{
    "model": "wagtailcore.pagerevision",
    "pk": 6,
    "fields": {
        "page": 3,
        "submitted_for_moderation": false,
        "created_at": "2021-02-10T15:55:04.961Z",
        "user": [
            "joel0"
        ],
        "content_json": "{\"pk\": 3, \"path\": \"00010001\", \"depth\": 2, \"numchild\": 0, \"translation_key\": \"44a6b11d-e023-4213-8c4f-2d961d0688f6\", \"locale\": 1, \"title\": \"Home\", \"draft_title\": \"Home\", \"slug\": \"home\", \"content_type\": 4, \"live\": true, \"has_unpublished_changes\": true, \"url_path\": \"/home/\", \"owner\": null, \"seo_title\": \"\", \"show_in_menus\": false, \"search_description\": \"\", \"go_live_at\": null, \"expire_at\": null, \"expired\": false, \"locked\": false, \"locked_at\": null, \"locked_by\": null, \"first_published_at\": \"2021-01-28T15:35:25.894Z\", \"last_published_at\": \"2021-02-09T09:20:45.799Z\", \"latest_revision_created_at\": \"2021-02-10T15:54:50.723Z\", \"live_revision\": 4, \"alias_of\": null, \"banner_title\": \"Forever just looking for soemthing different\", \"banner_subtitle\": \"<p>Test txt</p><p></p><embed embedtype=\\\"media\\\" url=\\\"https://www.youtube.com/watch?v=jUMFE03r5Jw&amp;t=4s\\\"/><p></p>\", \"intro\": \"[{\\\"type\\\": \\\"video\\\", \\\"value\\\": {\\\"video\\\": \\\"https://youtu.be/jxUeJsR_XSs\\\", \\\"caption\\\": \\\"First off let me explain\\\", \\\"float\\\": \\\"Center\\\", \\\"size\\\": \\\"half\\\"}, \\\"id\\\": \\\"0c233e8b-7ed5-435f-9f25-5c7adfad409b\\\"}]\", \"banner_image\": 1, \"banner_cta\": null}",
        "approved_go_live_at": null
    }
},
{
    "model": "wagtailcore.pagerevision",
    "pk": 7,
    "fields": {
        "page": 3,
        "submitted_for_moderation": false,
        "created_at": "2021-02-10T15:58:57.829Z",
        "user": [
            "joel0"
        ],
        "content_json": "{\"pk\": 3, \"path\": \"00010001\", \"depth\": 2, \"numchild\": 0, \"translation_key\": \"44a6b11d-e023-4213-8c4f-2d961d0688f6\", \"locale\": 1, \"title\": \"Home\", \"draft_title\": \"Home\", \"slug\": \"home\", \"content_type\": 4, \"live\": true, \"has_unpublished_changes\": false, \"url_path\": \"/home/\", \"owner\": null, \"seo_title\": \"\", \"show_in_menus\": false, \"search_description\": \"\", \"go_live_at\": null, \"expire_at\": null, \"expired\": false, \"locked\": false, \"locked_at\": null, \"locked_by\": null, \"first_published_at\": \"2021-01-28T15:35:25.894Z\", \"last_published_at\": \"2021-02-10T15:55:05.113Z\", \"latest_revision_created_at\": \"2021-02-10T15:55:04.961Z\", \"live_revision\": 6, \"alias_of\": null, \"banner_title\": \"Forever just looking for soemthing different\", \"banner_subtitle\": \"<p>Test txt</p><p></p><embed embedtype=\\\"media\\\" url=\\\"https://www.youtube.com/watch?v=jUMFE03r5Jw&amp;t=4s\\\"/><p></p>\", \"intro\": \"[{\\\"type\\\": \\\"video\\\", \\\"value\\\": {\\\"video\\\": \\\"https://youtu.be/jxUeJsR_XSs\\\", \\\"caption\\\": \\\"First off let me explain\\\", \\\"float\\\": \\\"Center\\\", \\\"size\\\": \\\"half\\\"}, \\\"id\\\": \\\"0c233e8b-7ed5-435f-9f25-5c7adfad409b\\\"}]\", \"banner_image\": 1, \"banner_cta\": null}",
        "approved_go_live_at": null
    }
},
{
    "model": "wagtailcore.pagerevision",
    "pk": 8,
    "fields": {
        "page": 3,
        "submitted_for_moderation": false,
        "created_at": "2021-02-10T16:01:51.264Z",
        "user": [
            "joel0"
        ],
        "content_json": "{\"pk\": 3, \"path\": \"00010001\", \"depth\": 2, \"numchild\": 0, \"translation_key\": \"44a6b11d-e023-4213-8c4f-2d961d0688f6\", \"locale\": 1, \"title\": \"Home\", \"draft_title\": \"Home\", \"slug\": \"home\", \"content_type\": 4, \"live\": true, \"has_unpublished_changes\": false, \"url_path\": \"/home/\", \"owner\": null, \"seo_title\": \"\", \"show_in_menus\": false, \"search_description\": \"\", \"go_live_at\": null, \"expire_at\": null, \"expired\": false, \"locked\": false, \"locked_at\": null, \"locked_by\": null, \"first_published_at\": \"2021-01-28T15:35:25.894Z\", \"last_published_at\": \"2021-02-10T15:58:58.017Z\", \"latest_revision_created_at\": \"2021-02-10T15:58:57.829Z\", \"live_revision\": 7, \"alias_of\": null, \"banner_title\": \"Forever just looking for soemthing different\", \"banner_subtitle\": \"<p>Test txt</p><p></p>\", \"intro\": \"[{\\\"type\\\": \\\"video\\\", \\\"value\\\": {\\\"video\\\": \\\"https://youtu.be/jxUeJsR_XSs\\\", \\\"caption\\\": \\\"First off let me explain\\\", \\\"float\\\": \\\"Center\\\", \\\"size\\\": \\\"half\\\"}, \\\"id\\\": \\\"0c233e8b-7ed5-435f-9f25-5c7adfad409b\\\"}]\", \"banner_image\": 1, \"banner_cta\": null}",
        "approved_go_live_at": null
    }
},
{
    "model": "wagtailcore.pagerevision",
    "pk": 9,
    "fields": {
        "page": 4,
        "submitted_for_moderation": false,
        "created_at": "2021-02-10T16:31:20.829Z",
        "user": [
            "admin"
        ],
        "content_json": "{\"pk\": 4, \"path\": \"000100010001\", \"depth\": 3, \"numchild\": 0, \"translation_key\": \"476ef94b-b1df-41cf-9d2a-3e3e7702cd8e\", \"locale\": 1, \"title\": \"Scorecard\", \"draft_title\": \"Scorecard\", \"slug\": \"scorecard\", \"content_type\": 51, \"live\": true, \"has_unpublished_changes\": false, \"url_path\": \"/home/scorecard/\", \"owner\": 2, \"seo_title\": \"\", \"show_in_menus\": false, \"search_description\": \"\", \"go_live_at\": null, \"expire_at\": null, \"expired\": false, \"locked\": false, \"locked_at\": null, \"locked_by\": null, \"first_published_at\": null, \"last_published_at\": null, \"latest_revision_created_at\": null, \"live_revision\": null, \"alias_of\": null, \"banner_title\": \"Sup dudes\"}",
        "approved_go_live_at": null
    }
},
{
    "model": "wagtailcore.pagerevision",
    "pk": 10,
    "fields": {
        "page": 4,
        "submitted_for_moderation": false,
        "created_at": "2021-02-18T09:23:56.792Z",
        "user": [
            "joel0"
        ],
        "content_json": "{\"pk\": 4, \"path\": \"000100010001\", \"depth\": 3, \"numchild\": 0, \"translation_key\": \"476ef94b-b1df-41cf-9d2a-3e3e7702cd8e\", \"locale\": 1, \"title\": \"Scorecard\", \"draft_title\": \"Scorecard\", \"slug\": \"scorecard\", \"content_type\": 51, \"live\": true, \"has_unpublished_changes\": false, \"url_path\": \"/home/scorecard/\", \"owner\": 2, \"seo_title\": \"\", \"show_in_menus\": false, \"search_description\": \"\", \"go_live_at\": null, \"expire_at\": null, \"expired\": false, \"locked\": false, \"locked_at\": null, \"locked_by\": null, \"first_published_at\": \"2021-02-10T16:31:20.914Z\", \"last_published_at\": \"2021-02-10T16:31:20.914Z\", \"latest_revision_created_at\": \"2021-02-10T16:31:20.829Z\", \"live_revision\": 9, \"alias_of\": null, \"banner_title\": null}",
        "approved_go_live_at": null
    }
},
{
    "model": "wagtailcore.pagerevision",
    "pk": 11,
    "fields": {
        "page": 4,
        "submitted_for_moderation": false,
        "created_at": "2021-02-18T09:31:04.439Z",
        "user": [
            "joel0"
        ],
        "content_json": "{\"pk\": 4, \"path\": \"000100010001\", \"depth\": 3, \"numchild\": 0, \"translation_key\": \"476ef94b-b1df-41cf-9d2a-3e3e7702cd8e\", \"locale\": 1, \"title\": \"Scorecard\", \"draft_title\": \"Scorecard\", \"slug\": \"scorecard\", \"content_type\": 51, \"live\": true, \"has_unpublished_changes\": false, \"url_path\": \"/home/scorecard/\", \"owner\": 2, \"seo_title\": \"\", \"show_in_menus\": false, \"search_description\": \"\", \"go_live_at\": null, \"expire_at\": null, \"expired\": false, \"locked\": false, \"locked_at\": null, \"locked_by\": null, \"first_published_at\": \"2021-02-10T16:31:20.914Z\", \"last_published_at\": \"2021-02-18T09:23:56.952Z\", \"latest_revision_created_at\": \"2021-02-18T09:23:56.792Z\", \"live_revision\": 10, \"alias_of\": null, \"banner_title\": null}",
        "approved_go_live_at": null
    }
},
{
    "model": "wagtailcore.pagerevision",
    "pk": 12,
    "fields": {
        "page": 4,
        "submitted_for_moderation": false,
        "created_at": "2021-02-18T09:32:35.147Z",
        "user": [
            "joel0"
        ],
        "content_json": "{\"pk\": 4, \"path\": \"000100010001\", \"depth\": 3, \"numchild\": 0, \"translation_key\": \"476ef94b-b1df-41cf-9d2a-3e3e7702cd8e\", \"locale\": 1, \"title\": \"Scorecard\", \"draft_title\": \"Scorecard\", \"slug\": \"scorecard\", \"content_type\": 51, \"live\": true, \"has_unpublished_changes\": false, \"url_path\": \"/home/scorecard/\", \"owner\": 2, \"seo_title\": \"\", \"show_in_menus\": false, \"search_description\": \"\", \"go_live_at\": null, \"expire_at\": null, \"expired\": false, \"locked\": false, \"locked_at\": null, \"locked_by\": null, \"first_published_at\": \"2021-02-10T16:31:20.914Z\", \"last_published_at\": \"2021-02-18T09:31:04.583Z\", \"latest_revision_created_at\": \"2021-02-18T09:31:04.439Z\", \"live_revision\": 11, \"alias_of\": null, \"banner_title\": \"\"}",
        "approved_go_live_at": null
    }
},
{
    "model": "wagtailcore.pagerevision",
    "pk": 13,
    "fields": {
        "page": 4,
        "submitted_for_moderation": false,
        "created_at": "2021-02-19T16:33:45.369Z",
        "user": [
            "joel0"
        ],
        "content_json": "{\"pk\": 4, \"path\": \"000100010001\", \"depth\": 3, \"numchild\": 0, \"translation_key\": \"476ef94b-b1df-41cf-9d2a-3e3e7702cd8e\", \"locale\": 1, \"title\": \"Scorecard\", \"draft_title\": \"Scorecard\", \"slug\": \"scorecard\", \"content_type\": 51, \"live\": true, \"has_unpublished_changes\": false, \"url_path\": \"/home/scorecard/\", \"owner\": 2, \"seo_title\": \"\", \"show_in_menus\": false, \"search_description\": \"\", \"go_live_at\": null, \"expire_at\": null, \"expired\": false, \"locked\": false, \"locked_at\": null, \"locked_by\": null, \"first_published_at\": \"2021-02-10T16:31:20.914Z\", \"last_published_at\": \"2021-02-18T09:32:35.331Z\", \"latest_revision_created_at\": \"2021-02-18T09:32:35.147Z\", \"live_revision\": 12, \"alias_of\": null, \"banner_title\": \"Sometimes you can put what ever you want at the top of the screen if you like it\"}",
        "approved_go_live_at": null
    }
},
{
    "model": "wagtailcore.pagerevision",
    "pk": 14,
    "fields": {
        "page": 4,
        "submitted_for_moderation": false,
        "created_at": "2021-02-19T16:34:16.305Z",
        "user": [
            "joel0"
        ],
        "content_json": "{\"pk\": 4, \"path\": \"000100010001\", \"depth\": 3, \"numchild\": 0, \"translation_key\": \"476ef94b-b1df-41cf-9d2a-3e3e7702cd8e\", \"locale\": 1, \"title\": \"Scorecard\", \"draft_title\": \"Scorecard\", \"slug\": \"scorecard\", \"content_type\": 51, \"live\": true, \"has_unpublished_changes\": false, \"url_path\": \"/home/scorecard/\", \"owner\": 2, \"seo_title\": \"\", \"show_in_menus\": false, \"search_description\": \"\", \"go_live_at\": null, \"expire_at\": null, \"expired\": false, \"locked\": false, \"locked_at\": null, \"locked_by\": null, \"first_published_at\": \"2021-02-10T16:31:20.914Z\", \"last_published_at\": \"2021-02-19T16:33:45.501Z\", \"latest_revision_created_at\": \"2021-02-19T16:33:45.369Z\", \"live_revision\": 13, \"alias_of\": null, \"banner_title\": \"\"}",
        "approved_go_live_at": null
    }
},
{
    "model": "wagtailcore.pagerevision",
    "pk": 15,
    "fields": {
        "page": 5,
        "submitted_for_moderation": false,
        "created_at": "2021-02-27T20:56:41.126Z",
        "user": [
            "joel0"
        ],
        "content_json": "{\"pk\": 5, \"path\": \"000100010002\", \"depth\": 3, \"numchild\": 0, \"translation_key\": \"646cb2f5-707d-4d17-b51c-58e91c0790f8\", \"locale\": 1, \"title\": \"Overview\", \"draft_title\": \"Overview\", \"slug\": \"overview\", \"content_type\": 53, \"live\": true, \"has_unpublished_changes\": false, \"url_path\": \"/home/overview/\", \"owner\": 1, \"seo_title\": \"\", \"show_in_menus\": false, \"search_description\": \"\", \"go_live_at\": null, \"expire_at\": null, \"expired\": false, \"locked\": false, \"locked_at\": null, \"locked_by\": null, \"first_published_at\": null, \"last_published_at\": null, \"latest_revision_created_at\": null, \"live_revision\": null, \"alias_of\": null, \"banner_title\": \"\"}",
        "approved_go_live_at": null
    }
},
{
    "model": "wagtailcore.pagerevision",
    "pk": 16,
    "fields": {
        "page": 6,
        "submitted_for_moderation": false,
        "created_at": "2021-03-04T15:54:19.218Z",
        "user": [
            "joel0"
        ],
        "content_json": "{\"pk\": 6, \"path\": \"000100010003\", \"depth\": 3, \"numchild\": 0, \"translation_key\": \"6a3d9a68-04ea-4654-a25c-97c9159b6c2d\", \"locale\": 1, \"title\": \"News\", \"draft_title\": \"News\", \"slug\": \"news\", \"content_type\": 56, \"live\": true, \"has_unpublished_changes\": false, \"url_path\": \"/home/news/\", \"owner\": 1, \"seo_title\": \"\", \"show_in_menus\": false, \"search_description\": \"\", \"go_live_at\": null, \"expire_at\": null, \"expired\": false, \"locked\": false, \"locked_at\": null, \"locked_by\": null, \"first_published_at\": null, \"last_published_at\": null, \"latest_revision_created_at\": null, \"live_revision\": null, \"alias_of\": null, \"intro\": \"\"}",
        "approved_go_live_at": null
    }
},
{
    "model": "wagtailcore.pagerevision",
    "pk": 17,
    "fields": {
        "page": 7,
        "submitted_for_moderation": false,
        "created_at": "2021-03-04T15:57:36.044Z",
        "user": [
            "joel0"
        ],
        "content_json": "{\"pk\": 7, \"path\": \"0001000100030001\", \"depth\": 4, \"numchild\": 0, \"translation_key\": \"b663b886-c56a-47e3-8731-3aa2422a8ea1\", \"locale\": 1, \"title\": \"New start\", \"draft_title\": \"New start\", \"slug\": \"new-start\", \"content_type\": 55, \"live\": true, \"has_unpublished_changes\": false, \"url_path\": \"/home/news/new-start/\", \"owner\": 1, \"seo_title\": \"\", \"show_in_menus\": false, \"search_description\": \"\", \"go_live_at\": null, \"expire_at\": null, \"expired\": false, \"locked\": false, \"locked_at\": null, \"locked_by\": null, \"first_published_at\": null, \"last_published_at\": null, \"latest_revision_created_at\": null, \"live_revision\": null, \"alias_of\": null, \"date\": \"2021-03-04\", \"intro\": \"Welcome to our new home\", \"body\": \"<p>As of <b>2021</b>, we have developed a new website which aims to provide an all new look and feel that can create the best platform for all those involved with the club to flourish and become all round better at the game of cricket. </p>\", \"blogpage_images\": [{\"pk\": 1, \"sort_order\": 0, \"page\": 7, \"image\": 2, \"caption\": \"\"}]}",
        "approved_go_live_at": null
    }
},
{
    "model": "wagtailcore.pagerevision",
    "pk": 18,
    "fields": {
        "page": 8,
        "submitted_for_moderation": false,
        "created_at": "2021-03-04T16:04:06.826Z",
        "user": [
            "joel0"
        ],
        "content_json": "{\"pk\": 8, \"path\": \"0001000100030002\", \"depth\": 4, \"numchild\": 0, \"translation_key\": \"dcf45bb5-e11e-4976-a24e-b91a6d0bda98\", \"locale\": 1, \"title\": \"2020 Performance awards\", \"draft_title\": \"2020 Performance awards\", \"slug\": \"2020-performance-awards\", \"content_type\": 55, \"live\": true, \"has_unpublished_changes\": false, \"url_path\": \"/home/news/2020-performance-awards/\", \"owner\": 1, \"seo_title\": \"\", \"show_in_menus\": false, \"search_description\": \"\", \"go_live_at\": null, \"expire_at\": null, \"expired\": false, \"locked\": false, \"locked_at\": null, \"locked_by\": null, \"first_published_at\": null, \"last_published_at\": null, \"latest_revision_created_at\": null, \"live_revision\": null, \"alias_of\": null, \"date\": \"2021-02-23\", \"intro\": \"2020 PERFORMANCE AWARD\", \"body\": \"<p>Last season&#x27;s performance awards are:<br/>1sts&#x27; Batting - Sam Ingham<br/>1sts&#x27; Bowling - Andrew Savage<br/>2nds&#x27; Batting\\u00a0 - Eddie Hawkins and Rory McVeigh (shared)<br/>2nds&#x27; Bowling - Ross McCaughey and Dominic Allen (shared)<br/>Highest Score - Sam Ingham, 87* against Donaghadee on 8th August<br/>Best Bowling - Ross McCaughey - 3 for 24 against Dundrum 2nds on 16th August<br/>Young Player of the Year - Ross McCaughey</p>\", \"blogpage_images\": []}",
        "approved_go_live_at": null
    }
},
{
    "model": "wagtailcore.pagerevision",
    "pk": 19,
    "fields": {
        "page": 9,
        "submitted_for_moderation": false,
        "created_at": "2021-03-04T16:05:27.497Z",
        "user": [
            "joel0"
        ],
        "content_json": "{\"pk\": 9, \"path\": \"0001000100030003\", \"depth\": 4, \"numchild\": 0, \"translation_key\": \"ea817511-2c73-4271-98d4-a57a17a44431\", \"locale\": 1, \"title\": \"ANNUAL GENERAL MEETING REPORT\", \"draft_title\": \"ANNUAL GENERAL MEETING REPORT\", \"slug\": \"annual-general-meeting-report\", \"content_type\": 55, \"live\": true, \"has_unpublished_changes\": false, \"url_path\": \"/home/news/annual-general-meeting-report/\", \"owner\": 1, \"seo_title\": \"\", \"show_in_menus\": false, \"search_description\": \"\", \"go_live_at\": null, \"expire_at\": null, \"expired\": false, \"locked\": false, \"locked_at\": null, \"locked_by\": null, \"first_published_at\": null, \"last_published_at\": null, \"latest_revision_created_at\": null, \"live_revision\": null, \"alias_of\": null, \"date\": \"2021-02-03\", \"intro\": \"ANNUAL GENERAL MEETING REPORT\", \"body\": \"<p>Ards held its AGM via Zoom on Monday night, 1st February.</p><p>The dominant feature of the reports and discussions was the uncertainty and difficulties caused by Covid-19 and the on-off Government restrictions since March. These prevented the club from carrying out its usual fund-raising and other activities, and compressed the playing season to 7 weekends, beginning in mid-July. Importantly also, it necessitated the postponement of the 75th anniversary dinner in September, though it is hoped to hold this in April.</p><p>The Chairman thanked the club\\u2019s office holders for their commitment over the year, especially those who had worked on the ground and helped put in place the essential Covid health and safety procedures to enable practices and matches to be played, although the pavilion at Londonderry Park remained closed. It was not possible, however, to have any junior cricket, including the annual Primary School Kwik Cricket tournament.</p><p>Both senior teams played in small, regional leagues. The 1sts came up against strong Bangor and Holywood sides, both relegated from Section 1 in 2019. They were well beaten in these games but shared the honours against Donaghadee.</p><p>Sam Ingham retained the batting cup; the bowling trophy went to Andrew Savage</p><p>The 2nds\\u2019 league also comprised teams of mixed standard and while they didn\\u2019t register a win, the matches were all played in great spirit and provided a good standard of cricket for the young team, which augurs well for hopefully resuming playing against opposition of a similar standard this Summer.</p><p>The batting and bowling awards were both shared: the former by Ross McCaughey and Dominic Allen; the latter by Eddie Hawkins and Rory McVeigh.</p><p>The Officers of the Club elected at the meeting were: Les Jones, Chairman; Roy Keenan, Honorary Secretary; David McCullough, Honorary Treasurer. Andrew Savage and Conn Crawford will again captain the 1sts and 2nds respectively. Stanley Woods and Co. continue their long association with the club as its auditors.</p>\", \"blogpage_images\": []}",
        "approved_go_live_at": null
    }
},
{
    "model": "wagtailcore.pagerevision",
    "pk": 20,
    "fields": {
        "page": 9,
        "submitted_for_moderation": false,
        "created_at": "2021-03-04T16:05:59.644Z",
        "user": [
            "joel0"
        ],
        "content_json": "{\"pk\": 9, \"path\": \"0001000100030003\", \"depth\": 4, \"numchild\": 0, \"translation_key\": \"ea817511-2c73-4271-98d4-a57a17a44431\", \"locale\": 1, \"title\": \"Annual General Meeting Rerport\", \"draft_title\": \"ANNUAL GENERAL MEETING REPORT\", \"slug\": \"annual-general-meeting-report\", \"content_type\": 55, \"live\": true, \"has_unpublished_changes\": false, \"url_path\": \"/home/news/annual-general-meeting-report/\", \"owner\": 1, \"seo_title\": \"\", \"show_in_menus\": false, \"search_description\": \"\", \"go_live_at\": null, \"expire_at\": null, \"expired\": false, \"locked\": false, \"locked_at\": null, \"locked_by\": null, \"first_published_at\": \"2021-03-04T16:05:27.604Z\", \"last_published_at\": \"2021-03-04T16:05:27.604Z\", \"latest_revision_created_at\": \"2021-03-04T16:05:27.497Z\", \"live_revision\": 19, \"alias_of\": null, \"date\": \"2021-02-03\", \"intro\": \"ANNUAL GENERAL MEETING REPORT\", \"body\": \"<p>Ards held its AGM via Zoom on Monday night, 1st February.</p><p>The dominant feature of the reports and discussions was the uncertainty and difficulties caused by Covid-19 and the on-off Government restrictions since March. These prevented the club from carrying out its usual fund-raising and other activities, and compressed the playing season to 7 weekends, beginning in mid-July. Importantly also, it necessitated the postponement of the 75th anniversary dinner in September, though it is hoped to hold this in April.</p><p>The Chairman thanked the club\\u2019s office holders for their commitment over the year, especially those who had worked on the ground and helped put in place the essential Covid health and safety procedures to enable practices and matches to be played, although the pavilion at Londonderry Park remained closed. It was not possible, however, to have any junior cricket, including the annual Primary School Kwik Cricket tournament.</p><p>Both senior teams played in small, regional leagues. The 1sts came up against strong Bangor and Holywood sides, both relegated from Section 1 in 2019. They were well beaten in these games but shared the honours against Donaghadee.</p><p>Sam Ingham retained the batting cup; the bowling trophy went to Andrew Savage</p><p>The 2nds\\u2019 league also comprised teams of mixed standard and while they didn\\u2019t register a win, the matches were all played in great spirit and provided a good standard of cricket for the young team, which augurs well for hopefully resuming playing against opposition of a similar standard this Summer.</p><p>The batting and bowling awards were both shared: the former by Ross McCaughey and Dominic Allen; the latter by Eddie Hawkins and Rory McVeigh.</p><p>The Officers of the Club elected at the meeting were: Les Jones, Chairman; Roy Keenan, Honorary Secretary; David McCullough, Honorary Treasurer. Andrew Savage and Conn Crawford will again captain the 1sts and 2nds respectively. Stanley Woods and Co. continue their long association with the club as its auditors.</p>\", \"blogpage_images\": []}",
        "approved_go_live_at": null
    }
},
{
    "model": "wagtailcore.pagerevision",
    "pk": 21,
    "fields": {
        "page": 10,
        "submitted_for_moderation": false,
        "created_at": "2021-03-04T16:06:49.641Z",
        "user": [
            "joel0"
        ],
        "content_json": "{\"pk\": 10, \"path\": \"0001000100030004\", \"depth\": 4, \"numchild\": 0, \"translation_key\": \"ade51031-051a-4502-8adb-e58614e1a267\", \"locale\": 1, \"title\": \"New Year Greetings\", \"draft_title\": \"New Year Greetings\", \"slug\": \"new-year-greetings\", \"content_type\": 55, \"live\": true, \"has_unpublished_changes\": false, \"url_path\": \"/home/news/new-year-greetings/\", \"owner\": 1, \"seo_title\": \"\", \"show_in_menus\": false, \"search_description\": \"\", \"go_live_at\": null, \"expire_at\": null, \"expired\": false, \"locked\": false, \"locked_at\": null, \"locked_by\": null, \"first_published_at\": null, \"last_published_at\": null, \"latest_revision_created_at\": null, \"live_revision\": null, \"alias_of\": null, \"date\": \"2020-12-23\", \"intro\": \"New Year Greetings\", \"body\": \"<p>Ards Cricket Club wishes all its players, sponsors and followers a safe, healthy and less uncertain 2021. </p>\", \"blogpage_images\": []}",
        "approved_go_live_at": null
    }
},
{
    "model": "wagtailcore.pagerevision",
    "pk": 22,
    "fields": {
        "page": 11,
        "submitted_for_moderation": false,
        "created_at": "2021-03-04T16:07:43.617Z",
        "user": [
            "joel0"
        ],
        "content_json": "{\"pk\": 11, \"path\": \"0001000100030005\", \"depth\": 4, \"numchild\": 0, \"translation_key\": \"4786c6c3-30eb-42d6-903d-9e97967209a5\", \"locale\": 1, \"title\": \"Annula General meeting - 1st February\", \"draft_title\": \"Annula General meeting - 1st February\", \"slug\": \"annula-general-meeting-1st-february\", \"content_type\": 55, \"live\": true, \"has_unpublished_changes\": false, \"url_path\": \"/home/news/annula-general-meeting-1st-february/\", \"owner\": 1, \"seo_title\": \"\", \"show_in_menus\": false, \"search_description\": \"\", \"go_live_at\": null, \"expire_at\": null, \"expired\": false, \"locked\": false, \"locked_at\": null, \"locked_by\": null, \"first_published_at\": null, \"last_published_at\": null, \"latest_revision_created_at\": null, \"live_revision\": null, \"alias_of\": null, \"date\": \"2020-10-17\", \"intro\": \"AGM 2021\", \"body\": \"<p> The Annual General Meeting, postponed from Monday 26th October 2020 in ongoing Covid-19 restrictions, will be held via Zoom on Monday 1st February at 7.30pm.</p><p>If you wish to attend, please email Roy Keenan (roy.keenan@btopenworld.com) by Friday 28th January and the link will be sent to join the meeting.</p>\", \"blogpage_images\": []}",
        "approved_go_live_at": null
    }
},
{
    "model": "wagtailcore.pagerevision",
    "pk": 23,
    "fields": {
        "page": 12,
        "submitted_for_moderation": false,
        "created_at": "2021-03-04T16:09:35.179Z",
        "user": [
            "joel0"
        ],
        "content_json": "{\"pk\": 12, \"path\": \"0001000100030006\", \"depth\": 4, \"numchild\": 0, \"translation_key\": \"6cef36f4-9103-4e7f-8ec8-72434fc34ed1\", \"locale\": 1, \"title\": \"Midweek Cup winners late 1980s\", \"draft_title\": \"Midweek Cup winners late 1980s\", \"slug\": \"midweek-cup-winners-late-1980s\", \"content_type\": 55, \"live\": true, \"has_unpublished_changes\": false, \"url_path\": \"/home/news/midweek-cup-winners-late-1980s/\", \"owner\": 1, \"seo_title\": \"\", \"show_in_menus\": false, \"search_description\": \"\", \"go_live_at\": null, \"expire_at\": null, \"expired\": false, \"locked\": false, \"locked_at\": null, \"locked_by\": null, \"first_published_at\": null, \"last_published_at\": null, \"latest_revision_created_at\": null, \"live_revision\": null, \"alias_of\": null, \"date\": \"2020-09-05\", \"intro\": \"Midweek cup winners, Late 1980's\", \"body\": \"<p>The attached, slightly damaged, the photograph has been provided by Michael Loane (3rd on left, back row). The others are:</p><p>Back Row</p><p>Mohammed Javed, Richard Fitzsimmons, Richard Warnock, Alfie Wright, Seamus Rice, Mark Graham, Paul Davidson, and Geddis Dunn</p><p>Front Row</p><p>Jonathan Montgomery, Rab Dunn, Derek Lorimer, Archie Moore and Billy Doherty</p>\", \"blogpage_images\": [{\"pk\": 2, \"sort_order\": 0, \"page\": 12, \"image\": 3, \"caption\": \"\"}]}",
        "approved_go_live_at": null
    }
},
{
    "model": "wagtailcore.pagerevision",
    "pk": 24,
    "fields": {
        "page": 11,
        "submitted_for_moderation": false,
        "created_at": "2021-03-04T16:09:53.913Z",
        "user": [
            "joel0"
        ],
        "content_json": "{\"pk\": 11, \"path\": \"0001000100030005\", \"depth\": 4, \"numchild\": 0, \"translation_key\": \"4786c6c3-30eb-42d6-903d-9e97967209a5\", \"locale\": 1, \"title\": \"Annual General meeting - 1st February\", \"draft_title\": \"Annula General meeting - 1st February\", \"slug\": \"annula-general-meeting-1st-february\", \"content_type\": 55, \"live\": true, \"has_unpublished_changes\": false, \"url_path\": \"/home/news/annula-general-meeting-1st-february/\", \"owner\": 1, \"seo_title\": \"\", \"show_in_menus\": false, \"search_description\": \"\", \"go_live_at\": null, \"expire_at\": null, \"expired\": false, \"locked\": false, \"locked_at\": null, \"locked_by\": null, \"first_published_at\": \"2021-03-04T16:07:43.746Z\", \"last_published_at\": \"2021-03-04T16:07:43.746Z\", \"latest_revision_created_at\": \"2021-03-04T16:07:43.617Z\", \"live_revision\": 22, \"alias_of\": null, \"date\": \"2020-10-17\", \"intro\": \"AGM 2021\", \"body\": \"<p>The Annual General Meeting, postponed from Monday 26th October 2020 in ongoing Covid-19 restrictions, will be held via Zoom on Monday 1st February at 7.30pm.</p><p>If you wish to attend, please email Roy Keenan (roy.keenan@btopenworld.com) by Friday 28th January and the link will be sent to join the meeting.</p>\", \"blogpage_images\": []}",
        "approved_go_live_at": null
    }
},
{
    "model": "wagtailcore.pagerevision",
    "pk": 25,
    "fields": {
        "page": 9,
        "submitted_for_moderation": false,
        "created_at": "2021-03-04T16:26:00.336Z",
        "user": [
            "joel0"
        ],
        "content_json": "{\"pk\": 9, \"path\": \"0001000100030003\", \"depth\": 4, \"numchild\": 0, \"translation_key\": \"ea817511-2c73-4271-98d4-a57a17a44431\", \"locale\": 1, \"title\": \"Annual General Meeting Report\", \"draft_title\": \"Annual General Meeting Rerport\", \"slug\": \"annual-general-meeting-report\", \"content_type\": 55, \"live\": true, \"has_unpublished_changes\": false, \"url_path\": \"/home/news/annual-general-meeting-report/\", \"owner\": 1, \"seo_title\": \"\", \"show_in_menus\": false, \"search_description\": \"\", \"go_live_at\": null, \"expire_at\": null, \"expired\": false, \"locked\": false, \"locked_at\": null, \"locked_by\": null, \"first_published_at\": \"2021-03-04T16:05:27.604Z\", \"last_published_at\": \"2021-03-04T16:05:59.857Z\", \"latest_revision_created_at\": \"2021-03-04T16:05:59.644Z\", \"live_revision\": 20, \"alias_of\": null, \"date\": \"2021-02-03\", \"intro\": \"ANNUAL GENERAL MEETING REPORT\", \"body\": \"<p>Ards held its AGM via Zoom on Monday night, 1st February.<br/>The dominant feature of the reports and discussions was the uncertainty and difficulties caused by Covid-19 and the on-off Government restrictions since March. These prevented the club from carrying out its usual fund-raising and other activities, and compressed the playing season to 7 weekends, beginning in mid-July. Importantly also, it necessitated the postponement of the 75th anniversary dinner in September, though it is hoped to hold this in April.<br/>The Chairman thanked the club\\u2019s office holders for their commitment over the year, especially those who had worked on the ground and helped put in place the essential Covid health and safety procedures to enable practices and matches to be played, although the pavilion at Londonderry Park remained closed. It was not possible, however, to have any junior cricket, including the annual Primary School Kwik Cricket tournament.<br/>Both senior teams played in small, regional leagues. The 1sts came up against strong Bangor and Holywood sides, both relegated from Section 1 in 2019. They were well beaten in these games but shared the honours against Donaghadee.<br/>Sam Ingham retained the batting cup; the bowling trophy went to Andrew Savage<br/>The 2nds\\u2019 league also comprised teams of mixed standard and while they didn\\u2019t register a win, the matches were all played in great spirit and provided a good standard of cricket for the young team, which augurs well for hopefully resuming playing against opposition of a similar standard this Summer.<br/>The batting and bowling awards were both shared: the former by Ross McCaughey and Dominic Allen; the latter by Eddie Hawkins and Rory McVeigh.<br/>The Officers of the Club elected at the meeting were: Les Jones, Chairman; Roy Keenan, Honorary Secretary; David McCullough, Honorary Treasurer. Andrew Savage and Conn Crawford will again captain the 1sts and 2nds respectively. Stanley Woods and Co. continue their long association with the club as its auditors.</p>\", \"blogpage_images\": []}",
        "approved_go_live_at": null
    }
},
{
    "model": "wagtailcore.pagerevision",
    "pk": 26,
    "fields": {
        "page": 11,
        "submitted_for_moderation": false,
        "created_at": "2021-03-04T16:26:48.846Z",
        "user": [
            "joel0"
        ],
        "content_json": "{\"pk\": 11, \"path\": \"0001000100030005\", \"depth\": 4, \"numchild\": 0, \"translation_key\": \"4786c6c3-30eb-42d6-903d-9e97967209a5\", \"locale\": 1, \"title\": \"Annual General meeting - 1st February\", \"draft_title\": \"Annual General meeting - 1st February\", \"slug\": \"annula-general-meeting-1st-february\", \"content_type\": 55, \"live\": true, \"has_unpublished_changes\": false, \"url_path\": \"/home/news/annula-general-meeting-1st-february/\", \"owner\": 1, \"seo_title\": \"\", \"show_in_menus\": false, \"search_description\": \"\", \"go_live_at\": null, \"expire_at\": null, \"expired\": false, \"locked\": false, \"locked_at\": null, \"locked_by\": null, \"first_published_at\": \"2021-03-04T16:07:43.746Z\", \"last_published_at\": \"2021-03-04T16:09:54.095Z\", \"latest_revision_created_at\": \"2021-03-04T16:09:53.913Z\", \"live_revision\": 24, \"alias_of\": null, \"date\": \"2020-10-17\", \"intro\": \"AGM 2021\", \"body\": \"<p>The Annual General Meeting, postponed from Monday 26th October 2020 in ongoing Covid-19 restrictions, will be held via Zoom on Monday 1st February at 7.30pm.<br/>If you wish to attend, please email Roy Keenan (roy.keenan@btopenworld.com) by Friday 28th January and the link will be sent to join the meeting.</p>\", \"blogpage_images\": []}",
        "approved_go_live_at": null
    }
},
{
    "model": "wagtailcore.pagerevision",
    "pk": 27,
    "fields": {
        "page": 13,
        "submitted_for_moderation": false,
        "created_at": "2021-03-31T16:01:22.896Z",
        "user": [
            "joel0"
        ],
        "content_json": "{\"pk\": 13, \"path\": \"000100010004\", \"depth\": 3, \"numchild\": 0, \"translation_key\": \"f3eab794-7522-49a6-a039-e49533f51839\", \"locale\": 1, \"title\": \"Fixture Preview\", \"draft_title\": \"Fixture Preview\", \"slug\": \"fixture-preview\", \"content_type\": 61, \"live\": true, \"has_unpublished_changes\": false, \"url_path\": \"/home/fixture-preview/\", \"owner\": 1, \"seo_title\": \"\", \"show_in_menus\": false, \"search_description\": \"\", \"go_live_at\": null, \"expire_at\": null, \"expired\": false, \"locked\": false, \"locked_at\": null, \"locked_by\": null, \"first_published_at\": null, \"last_published_at\": null, \"latest_revision_created_at\": null, \"live_revision\": null, \"alias_of\": null, \"banner_title\": \"\"}",
        "approved_go_live_at": null
    }
},
{
    "model": "wagtailcore.pagerevision",
    "pk": 28,
    "fields": {
        "page": 3,
        "submitted_for_moderation": false,
        "created_at": "2021-03-31T20:18:09.907Z",
        "user": [
            "joel0"
        ],
        "content_json": "{\"pk\": 3, \"path\": \"00010001\", \"depth\": 2, \"numchild\": 4, \"translation_key\": \"44a6b11d-e023-4213-8c4f-2d961d0688f6\", \"locale\": 1, \"title\": \"Home\", \"draft_title\": \"Home\", \"slug\": \"home\", \"content_type\": 4, \"live\": true, \"has_unpublished_changes\": false, \"url_path\": \"/home/\", \"owner\": null, \"seo_title\": \"\", \"show_in_menus\": false, \"search_description\": \"\", \"go_live_at\": null, \"expire_at\": null, \"expired\": false, \"locked\": false, \"locked_at\": null, \"locked_by\": null, \"first_published_at\": \"2021-01-28T15:35:25.894Z\", \"last_published_at\": \"2021-02-10T16:01:51.459Z\", \"latest_revision_created_at\": \"2021-02-10T16:01:51.264Z\", \"live_revision\": 8, \"alias_of\": null, \"banner_title\": \"Hi Paul\", \"banner_subtitle\": \"<p>Test txt</p><p></p>\", \"intro\": \"[{\\\"type\\\": \\\"video\\\", \\\"value\\\": {\\\"video\\\": \\\"https://youtu.be/jxUeJsR_XSs\\\", \\\"caption\\\": \\\"First off let me explain\\\", \\\"float\\\": \\\"Center\\\", \\\"size\\\": \\\"half\\\"}, \\\"id\\\": \\\"0c233e8b-7ed5-435f-9f25-5c7adfad409b\\\"}]\", \"banner_image\": 1, \"banner_cta\": null}",
        "approved_go_live_at": null
    }
},
{
    "model": "wagtailcore.pagerevision",
    "pk": 29,
    "fields": {
        "page": 3,
        "submitted_for_moderation": false,
        "created_at": "2021-03-31T20:19:04.772Z",
        "user": [
            "joel0"
        ],
        "content_json": "{\"pk\": 3, \"path\": \"00010001\", \"depth\": 2, \"numchild\": 4, \"translation_key\": \"44a6b11d-e023-4213-8c4f-2d961d0688f6\", \"locale\": 1, \"title\": \"Home\", \"draft_title\": \"Home\", \"slug\": \"home\", \"content_type\": 4, \"live\": true, \"has_unpublished_changes\": false, \"url_path\": \"/home/\", \"owner\": null, \"seo_title\": \"\", \"show_in_menus\": false, \"search_description\": \"\", \"go_live_at\": null, \"expire_at\": null, \"expired\": false, \"locked\": false, \"locked_at\": null, \"locked_by\": null, \"first_published_at\": \"2021-01-28T15:35:25.894Z\", \"last_published_at\": \"2021-03-31T20:18:10.195Z\", \"latest_revision_created_at\": \"2021-03-31T20:18:09.907Z\", \"live_revision\": 28, \"alias_of\": null, \"banner_title\": \"Hi Paul, how are ya?\", \"banner_subtitle\": \"<p>Test txt</p><p></p>\", \"intro\": \"[{\\\"type\\\": \\\"video\\\", \\\"value\\\": {\\\"video\\\": \\\"https://youtu.be/jxUeJsR_XSs\\\", \\\"caption\\\": \\\"First off let me explain\\\", \\\"float\\\": \\\"Center\\\", \\\"size\\\": \\\"half\\\"}, \\\"id\\\": \\\"0c233e8b-7ed5-435f-9f25-5c7adfad409b\\\"}]\", \"banner_image\": 1, \"banner_cta\": null}",
        "approved_go_live_at": null
    }
},
{
    "model": "wagtailcore.pagerevision",
    "pk": 30,
    "fields": {
        "page": 3,
        "submitted_for_moderation": false,
        "created_at": "2021-04-01T12:29:58.090Z",
        "user": [
            "joel0"
        ],
        "content_json": "{\"pk\": 3, \"path\": \"00010001\", \"depth\": 2, \"numchild\": 4, \"translation_key\": \"44a6b11d-e023-4213-8c4f-2d961d0688f6\", \"locale\": 1, \"title\": \"Home\", \"draft_title\": \"Home\", \"slug\": \"home\", \"content_type\": 4, \"live\": true, \"has_unpublished_changes\": false, \"url_path\": \"/home/\", \"owner\": null, \"seo_title\": \"\", \"show_in_menus\": false, \"search_description\": \"\", \"go_live_at\": null, \"expire_at\": null, \"expired\": false, \"locked\": false, \"locked_at\": null, \"locked_by\": null, \"first_published_at\": \"2021-01-28T15:35:25.894Z\", \"last_published_at\": \"2021-03-31T20:19:05.211Z\", \"latest_revision_created_at\": \"2021-03-31T20:19:04.772Z\", \"live_revision\": 29, \"alias_of\": null, \"banner_title\": \"Wagtail banner\", \"banner_subtitle\": \"<p>Test txt</p><p></p>\", \"intro\": \"[{\\\"type\\\": \\\"video\\\", \\\"value\\\": {\\\"video\\\": \\\"https://youtu.be/jxUeJsR_XSs\\\", \\\"caption\\\": \\\"First off let me explain\\\", \\\"float\\\": \\\"Center\\\", \\\"size\\\": \\\"half\\\"}, \\\"id\\\": \\\"0c233e8b-7ed5-435f-9f25-5c7adfad409b\\\"}]\", \"banner_image\": 1, \"banner_cta\": null}",
        "approved_go_live_at": null
    }
},
{
    "model": "wagtailcore.pagerevision",
    "pk": 31,
    "fields": {
        "page": 3,
        "submitted_for_moderation": false,
        "created_at": "2021-04-01T16:39:47.541Z",
        "user": [
            "joel0"
        ],
        "content_json": "{\"pk\": 3, \"path\": \"00010001\", \"depth\": 2, \"numchild\": 4, \"translation_key\": \"44a6b11d-e023-4213-8c4f-2d961d0688f6\", \"locale\": 1, \"title\": \"Home\", \"draft_title\": \"Home\", \"slug\": \"home\", \"content_type\": 4, \"live\": true, \"has_unpublished_changes\": false, \"url_path\": \"/home/\", \"owner\": null, \"seo_title\": \"\", \"show_in_menus\": false, \"search_description\": \"\", \"go_live_at\": null, \"expire_at\": null, \"expired\": false, \"locked\": false, \"locked_at\": null, \"locked_by\": null, \"first_published_at\": \"2021-01-28T15:35:25.894Z\", \"last_published_at\": \"2021-04-01T12:29:58.276Z\", \"latest_revision_created_at\": \"2021-04-01T12:29:58.090Z\", \"live_revision\": 30, \"alias_of\": null, \"banner_title\": \"Wagtail banner\", \"banner_subtitle\": \"<p>Test txt</p><p></p>\", \"intro\": \"[{\\\"type\\\": \\\"video\\\", \\\"value\\\": {\\\"video\\\": \\\"https://youtu.be/jxUeJsR_XSs\\\", \\\"caption\\\": \\\"First off let me explain\\\", \\\"float\\\": \\\"Center\\\", \\\"size\\\": \\\"half\\\"}, \\\"id\\\": \\\"0c233e8b-7ed5-435f-9f25-5c7adfad409b\\\"}]\", \"banner_image\": 4, \"banner_cta\": null}",
        "approved_go_live_at": null
    }
},
{
    "model": "wagtailcore.page",
    "pk": 1,
    "fields": {
        "path": "0001",
        "depth": 1,
        "numchild": 1,
        "translation_key": "a0f96b8c-d916-49c9-82a5-155840664d71",
        "locale": 1,
        "title": "Root",
        "draft_title": "Root",
        "slug": "root",
        "content_type": [
            "wagtailcore",
            "page"
        ],
        "live": true,
        "has_unpublished_changes": false,
        "url_path": "/",
        "owner": null,
        "seo_title": "",
        "show_in_menus": false,
        "search_description": "",
        "go_live_at": null,
        "expire_at": null,
        "expired": false,
        "locked": false,
        "locked_at": null,
        "locked_by": null,
        "first_published_at": null,
        "last_published_at": null,
        "latest_revision_created_at": null,
        "live_revision": null,
        "alias_of": null
    }
},
{
    "model": "wagtailcore.page",
    "pk": 3,
    "fields": {
        "path": "00010001",
        "depth": 2,
        "numchild": 4,
        "translation_key": "44a6b11d-e023-4213-8c4f-2d961d0688f6",
        "locale": 1,
        "title": "Home",
        "draft_title": "Home",
        "slug": "home",
        "content_type": [
            "home",
            "homepage"
        ],
        "live": true,
        "has_unpublished_changes": false,
        "url_path": "/home/",
        "owner": null,
        "seo_title": "",
        "show_in_menus": false,
        "search_description": "",
        "go_live_at": null,
        "expire_at": null,
        "expired": false,
        "locked": false,
        "locked_at": null,
        "locked_by": null,
        "first_published_at": "2021-01-28T15:35:25.894Z",
        "last_published_at": "2021-04-01T16:39:47.750Z",
        "latest_revision_created_at": "2021-04-01T16:39:47.541Z",
        "live_revision": 31,
        "alias_of": null
    }
},
{
    "model": "wagtailcore.page",
    "pk": 4,
    "fields": {
        "path": "000100010001",
        "depth": 3,
        "numchild": 0,
        "translation_key": "476ef94b-b1df-41cf-9d2a-3e3e7702cd8e",
        "locale": 1,
        "title": "Scorecard",
        "draft_title": "Scorecard",
        "slug": "scorecard",
        "content_type": [
            "home",
            "scorecard"
        ],
        "live": true,
        "has_unpublished_changes": false,
        "url_path": "/home/scorecard/",
        "owner": [
            "admin"
        ],
        "seo_title": "",
        "show_in_menus": false,
        "search_description": "",
        "go_live_at": null,
        "expire_at": null,
        "expired": false,
        "locked": false,
        "locked_at": null,
        "locked_by": null,
        "first_published_at": "2021-02-10T16:31:20.914Z",
        "last_published_at": "2021-02-19T16:34:16.434Z",
        "latest_revision_created_at": "2021-02-19T16:34:16.305Z",
        "live_revision": 14,
        "alias_of": null
    }
},
{
    "model": "wagtailcore.page",
    "pk": 5,
    "fields": {
        "path": "000100010002",
        "depth": 3,
        "numchild": 0,
        "translation_key": "646cb2f5-707d-4d17-b51c-58e91c0790f8",
        "locale": 1,
        "title": "Overview",
        "draft_title": "Overview",
        "slug": "overview",
        "content_type": [
            "home",
            "overview"
        ],
        "live": true,
        "has_unpublished_changes": false,
        "url_path": "/home/overview/",
        "owner": [
            "joel0"
        ],
        "seo_title": "",
        "show_in_menus": false,
        "search_description": "",
        "go_live_at": null,
        "expire_at": null,
        "expired": false,
        "locked": false,
        "locked_at": null,
        "locked_by": null,
        "first_published_at": "2021-02-27T20:56:41.258Z",
        "last_published_at": "2021-02-27T20:56:41.258Z",
        "latest_revision_created_at": "2021-02-27T20:56:41.126Z",
        "live_revision": 15,
        "alias_of": null
    }
},
{
    "model": "wagtailcore.page",
    "pk": 6,
    "fields": {
        "path": "000100010003",
        "depth": 3,
        "numchild": 6,
        "translation_key": "6a3d9a68-04ea-4654-a25c-97c9159b6c2d",
        "locale": 1,
        "title": "News",
        "draft_title": "News",
        "slug": "news",
        "content_type": [
            "home",
            "blogindexpage"
        ],
        "live": true,
        "has_unpublished_changes": false,
        "url_path": "/home/news/",
        "owner": [
            "joel0"
        ],
        "seo_title": "",
        "show_in_menus": false,
        "search_description": "",
        "go_live_at": null,
        "expire_at": null,
        "expired": false,
        "locked": false,
        "locked_at": null,
        "locked_by": null,
        "first_published_at": "2021-03-04T15:54:19.308Z",
        "last_published_at": "2021-03-04T15:54:19.308Z",
        "latest_revision_created_at": "2021-03-04T15:54:19.218Z",
        "live_revision": 16,
        "alias_of": null
    }
},
{
    "model": "wagtailcore.page",
    "pk": 7,
    "fields": {
        "path": "0001000100030001",
        "depth": 4,
        "numchild": 0,
        "translation_key": "b663b886-c56a-47e3-8731-3aa2422a8ea1",
        "locale": 1,
        "title": "New start",
        "draft_title": "New start",
        "slug": "new-start",
        "content_type": [
            "home",
            "blogpage"
        ],
        "live": true,
        "has_unpublished_changes": false,
        "url_path": "/home/news/new-start/",
        "owner": [
            "joel0"
        ],
        "seo_title": "",
        "show_in_menus": false,
        "search_description": "",
        "go_live_at": null,
        "expire_at": null,
        "expired": false,
        "locked": false,
        "locked_at": null,
        "locked_by": null,
        "first_published_at": "2021-03-04T15:57:36.210Z",
        "last_published_at": "2021-03-04T15:57:36.210Z",
        "latest_revision_created_at": "2021-03-04T15:57:36.044Z",
        "live_revision": 17,
        "alias_of": null
    }
},
{
    "model": "wagtailcore.page",
    "pk": 8,
    "fields": {
        "path": "0001000100030002",
        "depth": 4,
        "numchild": 0,
        "translation_key": "dcf45bb5-e11e-4976-a24e-b91a6d0bda98",
        "locale": 1,
        "title": "2020 Performance awards",
        "draft_title": "2020 Performance awards",
        "slug": "2020-performance-awards",
        "content_type": [
            "home",
            "blogpage"
        ],
        "live": true,
        "has_unpublished_changes": false,
        "url_path": "/home/news/2020-performance-awards/",
        "owner": [
            "joel0"
        ],
        "seo_title": "",
        "show_in_menus": false,
        "search_description": "",
        "go_live_at": null,
        "expire_at": null,
        "expired": false,
        "locked": false,
        "locked_at": null,
        "locked_by": null,
        "first_published_at": "2021-03-04T16:04:06.985Z",
        "last_published_at": "2021-03-04T16:04:06.985Z",
        "latest_revision_created_at": "2021-03-04T16:04:06.826Z",
        "live_revision": 18,
        "alias_of": null
    }
},
{
    "model": "wagtailcore.page",
    "pk": 9,
    "fields": {
        "path": "0001000100030003",
        "depth": 4,
        "numchild": 0,
        "translation_key": "ea817511-2c73-4271-98d4-a57a17a44431",
        "locale": 1,
        "title": "Annual General Meeting Report",
        "draft_title": "Annual General Meeting Report",
        "slug": "annual-general-meeting-report",
        "content_type": [
            "home",
            "blogpage"
        ],
        "live": true,
        "has_unpublished_changes": false,
        "url_path": "/home/news/annual-general-meeting-report/",
        "owner": [
            "joel0"
        ],
        "seo_title": "",
        "show_in_menus": false,
        "search_description": "",
        "go_live_at": null,
        "expire_at": null,
        "expired": false,
        "locked": false,
        "locked_at": null,
        "locked_by": null,
        "first_published_at": "2021-03-04T16:05:27.604Z",
        "last_published_at": "2021-03-04T16:26:00.566Z",
        "latest_revision_created_at": "2021-03-04T16:26:00.336Z",
        "live_revision": 25,
        "alias_of": null
    }
},
{
    "model": "wagtailcore.page",
    "pk": 10,
    "fields": {
        "path": "0001000100030004",
        "depth": 4,
        "numchild": 0,
        "translation_key": "ade51031-051a-4502-8adb-e58614e1a267",
        "locale": 1,
        "title": "New Year Greetings",
        "draft_title": "New Year Greetings",
        "slug": "new-year-greetings",
        "content_type": [
            "home",
            "blogpage"
        ],
        "live": true,
        "has_unpublished_changes": false,
        "url_path": "/home/news/new-year-greetings/",
        "owner": [
            "joel0"
        ],
        "seo_title": "",
        "show_in_menus": false,
        "search_description": "",
        "go_live_at": null,
        "expire_at": null,
        "expired": false,
        "locked": false,
        "locked_at": null,
        "locked_by": null,
        "first_published_at": "2021-03-04T16:06:49.775Z",
        "last_published_at": "2021-03-04T16:06:49.775Z",
        "latest_revision_created_at": "2021-03-04T16:06:49.641Z",
        "live_revision": 21,
        "alias_of": null
    }
},
{
    "model": "wagtailcore.page",
    "pk": 11,
    "fields": {
        "path": "0001000100030005",
        "depth": 4,
        "numchild": 0,
        "translation_key": "4786c6c3-30eb-42d6-903d-9e97967209a5",
        "locale": 1,
        "title": "Annual General meeting - 1st February",
        "draft_title": "Annual General meeting - 1st February",
        "slug": "annula-general-meeting-1st-february",
        "content_type": [
            "home",
            "blogpage"
        ],
        "live": true,
        "has_unpublished_changes": false,
        "url_path": "/home/news/annula-general-meeting-1st-february/",
        "owner": [
            "joel0"
        ],
        "seo_title": "",
        "show_in_menus": false,
        "search_description": "",
        "go_live_at": null,
        "expire_at": null,
        "expired": false,
        "locked": false,
        "locked_at": null,
        "locked_by": null,
        "first_published_at": "2021-03-04T16:07:43.746Z",
        "last_published_at": "2021-03-04T16:26:49.053Z",
        "latest_revision_created_at": "2021-03-04T16:26:48.846Z",
        "live_revision": 26,
        "alias_of": null
    }
},
{
    "model": "wagtailcore.page",
    "pk": 12,
    "fields": {
        "path": "0001000100030006",
        "depth": 4,
        "numchild": 0,
        "translation_key": "6cef36f4-9103-4e7f-8ec8-72434fc34ed1",
        "locale": 1,
        "title": "Midweek Cup winners late 1980s",
        "draft_title": "Midweek Cup winners late 1980s",
        "slug": "midweek-cup-winners-late-1980s",
        "content_type": [
            "home",
            "blogpage"
        ],
        "live": true,
        "has_unpublished_changes": false,
        "url_path": "/home/news/midweek-cup-winners-late-1980s/",
        "owner": [
            "joel0"
        ],
        "seo_title": "",
        "show_in_menus": false,
        "search_description": "",
        "go_live_at": null,
        "expire_at": null,
        "expired": false,
        "locked": false,
        "locked_at": null,
        "locked_by": null,
        "first_published_at": "2021-03-04T16:09:35.328Z",
        "last_published_at": "2021-03-04T16:09:35.328Z",
        "latest_revision_created_at": "2021-03-04T16:09:35.179Z",
        "live_revision": 23,
        "alias_of": null
    }
},
{
    "model": "wagtailcore.page",
    "pk": 13,
    "fields": {
        "path": "000100010004",
        "depth": 3,
        "numchild": 0,
        "translation_key": "f3eab794-7522-49a6-a039-e49533f51839",
        "locale": 1,
        "title": "Fixture Preview",
        "draft_title": "Fixture Preview",
        "slug": "fixture-preview",
        "content_type": [
            "home",
            "fixturepreview"
        ],
        "live": true,
        "has_unpublished_changes": false,
        "url_path": "/home/fixture-preview/",
        "owner": [
            "joel0"
        ],
        "seo_title": "",
        "show_in_menus": false,
        "search_description": "",
        "go_live_at": null,
        "expire_at": null,
        "expired": false,
        "locked": false,
        "locked_at": null,
        "locked_by": null,
        "first_published_at": "2021-03-31T16:01:22.999Z",
        "last_published_at": "2021-03-31T16:01:22.999Z",
        "latest_revision_created_at": "2021-03-31T16:01:22.896Z",
        "live_revision": 27,
        "alias_of": null
    }
},
{
    "model": "wagtailimages.image",
    "pk": 1,
    "fields": {
        "collection": 1,
        "title": "Cat show",
        "file": "original_images/Azure_DevOps.png",
        "width": 2134,
        "height": 2134,
        "created_at": "2021-01-28T16:01:31.537Z",
        "uploaded_by_user": [
            "joel0"
        ],
        "focal_point_x": null,
        "focal_point_y": null,
        "focal_point_width": null,
        "focal_point_height": null,
        "file_size": 11505,
        "file_hash": "cf6fb246c62429df90f2314d96dc40d1ccbf2402"
    }
},
{
    "model": "wagtailimages.image",
    "pk": 2,
    "fields": {
        "collection": 6,
        "title": "main image_new start.jpg",
        "file": "original_images/main_image_new_start.jpg",
        "width": 696,
        "height": 364,
        "created_at": "2021-03-04T15:57:31.324Z",
        "uploaded_by_user": [
            "joel0"
        ],
        "focal_point_x": null,
        "focal_point_y": null,
        "focal_point_width": null,
        "focal_point_height": null,
        "file_size": 52032,
        "file_hash": "f7407b79405b562218df893e650ce217f148b27d"
    }
},
{
    "model": "wagtailimages.image",
    "pk": 3,
    "fields": {
        "collection": 6,
        "title": "midweek cupwinners.jpg",
        "file": "original_images/midweek_cupwinners.jpg",
        "width": 400,
        "height": 275,
        "created_at": "2021-03-04T16:09:31.801Z",
        "uploaded_by_user": [
            "joel0"
        ],
        "focal_point_x": null,
        "focal_point_y": null,
        "focal_point_width": null,
        "focal_point_height": null,
        "file_size": 29685,
        "file_hash": "85dfa6607bd1214ea1610256d076d570c1661580"
    }
},
{
    "model": "wagtailimages.image",
    "pk": 4,
    "fields": {
        "collection": 1,
        "title": "default logo.png",
        "file": "original_images/default_logo_BcuvoaZ.png",
        "width": 300,
        "height": 300,
        "created_at": "2021-03-05T14:15:07.801Z",
        "uploaded_by_user": [
            "joel0"
        ],
        "focal_point_x": null,
        "focal_point_y": null,
        "focal_point_width": null,
        "focal_point_height": null,
        "file_size": 29058,
        "file_hash": "eb95f637209aa43fec58b602500d349a2a58fd1c"
    }
},
{
    "model": "wagtailusers.userprofile",
    "pk": 1,
    "fields": {
        "user": [
            "joel0"
        ],
        "submitted_notifications": true,
        "approved_notifications": true,
        "rejected_notifications": true,
        "preferred_language": "",
        "current_time_zone": "",
        "avatar": ""
    }
},
{
    "model": "wagtailusers.userprofile",
    "pk": 2,
    "fields": {
        "user": [
            "admin"
        ],
        "submitted_notifications": true,
        "approved_notifications": true,
        "rejected_notifications": true,
        "preferred_language": "",
        "current_time_zone": "",
        "avatar": ""
    }
},
{
    "model": "home.blogpage",
    "pk": 7,
    "fields": {
        "page_ptr": 7,
        "date": "2021-03-04",
        "intro": "Welcome to our new home",
        "body": "<p>As of <b>2021</b>, we have developed a new website which aims to provide an all new look and feel that can create the best platform for all those involved with the club to flourish and become all round better at the game of cricket. </p>"
    }
},
{
    "model": "home.blogpage",
    "pk": 8,
    "fields": {
        "page_ptr": 8,
        "date": "2021-02-23",
        "intro": "2020 PERFORMANCE AWARD",
        "body": "<p>Last season&#x27;s performance awards are:<br/>1sts&#x27; Batting - Sam Ingham<br/>1sts&#x27; Bowling - Andrew Savage<br/>2nds&#x27; Batting - Eddie Hawkins and Rory McVeigh (shared)<br/>2nds&#x27; Bowling - Ross McCaughey and Dominic Allen (shared)<br/>Highest Score - Sam Ingham, 87* against Donaghadee on 8th August<br/>Best Bowling - Ross McCaughey - 3 for 24 against Dundrum 2nds on 16th August<br/>Young Player of the Year - Ross McCaughey</p>"
    }
},
{
    "model": "home.blogpage",
    "pk": 9,
    "fields": {
        "page_ptr": 9,
        "date": "2021-02-03",
        "intro": "ANNUAL GENERAL MEETING REPORT",
        "body": "<p>Ards held its AGM via Zoom on Monday night, 1st February.<br/>The dominant feature of the reports and discussions was the uncertainty and difficulties caused by Covid-19 and the on-off Government restrictions since March. These prevented the club from carrying out its usual fund-raising and other activities, and compressed the playing season to 7 weekends, beginning in mid-July. Importantly also, it necessitated the postponement of the 75th anniversary dinner in September, though it is hoped to hold this in April.<br/>The Chairman thanked the clubs office holders for their commitment over the year, especially those who had worked on the ground and helped put in place the essential Covid health and safety procedures to enable practices and matches to be played, although the pavilion at Londonderry Park remained closed. It was not possible, however, to have any junior cricket, including the annual Primary School Kwik Cricket tournament.<br/>Both senior teams played in small, regional leagues. The 1sts came up against strong Bangor and Holywood sides, both relegated from Section 1 in 2019. They were well beaten in these games but shared the honours against Donaghadee.<br/>Sam Ingham retained the batting cup; the bowling trophy went to Andrew Savage<br/>The 2nds league also comprised teams of mixed standard and while they didnt register a win, the matches were all played in great spirit and provided a good standard of cricket for the young team, which augurs well for hopefully resuming playing against opposition of a similar standard this Summer.<br/>The batting and bowling awards were both shared: the former by Ross McCaughey and Dominic Allen; the latter by Eddie Hawkins and Rory McVeigh.<br/>The Officers of the Club elected at the meeting were: Les Jones, Chairman; Roy Keenan, Honorary Secretary; David McCullough, Honorary Treasurer. Andrew Savage and Conn Crawford will again captain the 1sts and 2nds respectively. Stanley Woods and Co. continue their long association with the club as its auditors.</p>"
    }
},
{
    "model": "home.blogpage",
    "pk": 10,
    "fields": {
        "page_ptr": 10,
        "date": "2020-12-23",
        "intro": "New Year Greetings",
        "body": "<p>Ards Cricket Club wishes all its players, sponsors and followers a safe, healthy and less uncertain 2021. </p>"
    }
},
{
    "model": "home.blogpage",
    "pk": 11,
    "fields": {
        "page_ptr": 11,
        "date": "2020-10-17",
        "intro": "AGM 2021",
        "body": "<p>The Annual General Meeting, postponed from Monday 26th October 2020 in ongoing Covid-19 restrictions, will be held via Zoom on Monday 1st February at 7.30pm.<br/>If you wish to attend, please email Roy Keenan (roy.keenan@btopenworld.com) by Friday 28th January and the link will be sent to join the meeting.</p>"
    }
},
{
    "model": "home.blogpage",
    "pk": 12,
    "fields": {
        "page_ptr": 12,
        "date": "2020-09-05",
        "intro": "Midweek cup winners, Late 1980's",
        "body": "<p>The attached, slightly damaged, the photograph has been provided by Michael Loane (3rd on left, back row). The others are:</p><p>Back Row</p><p>Mohammed Javed, Richard Fitzsimmons, Richard Warnock, Alfie Wright, Seamus Rice, Mark Graham, Paul Davidson, and Geddis Dunn</p><p>Front Row</p><p>Jonathan Montgomery, Rab Dunn, Derek Lorimer, Archie Moore and Billy Doherty</p>"
    }
},
{
    "model": "home.blogindexpage",
    "pk": 6,
    "fields": {
        "page_ptr": 6,
        "intro": ""
    }
},
{
    "model": "home.overview",
    "pk": 5,
    "fields": {
        "page_ptr": 5,
        "banner_title": ""
    }
},
{
    "model": "home.fixturepreview",
    "pk": 13,
    "fields": {
        "page_ptr": 13,
        "banner_title": ""
    }
},
{
    "model": "home.scorecard",
    "pk": 4,
    "fields": {
        "page_ptr": 4,
        "banner_title": ""
    }
},
{
    "model": "home.homepage",
    "pk": 3,
    "fields": {
        "page_ptr": 3,
        "banner_title": "Wagtail banner",
        "banner_subtitle": "<p>Test txt</p><p></p>",
        "intro": "[{\"type\": \"video\", \"value\": {\"video\": \"https://youtu.be/jxUeJsR_XSs\", \"caption\": \"First off let me explain\", \"float\": \"Center\", \"size\": \"half\"}, \"id\": \"0c233e8b-7ed5-435f-9f25-5c7adfad409b\"}]",
        "banner_image": 4,
        "banner_cta": null
    }
}
]
